accDefRate,accExamCnt,accExamCompCnt,careCnt,clearCnt,createDt,deathCnt,decideCnt,examCnt,resutlNegCnt,seq,stateDt,stateTime,updateDt
1.0342238087,2322999.0,2302403.0,1809.0,21590,2020-09-30 09:32:00.223,413,23812,20596,2278591.0,277,20200930,00:00,null
1.0342238087,2322999.0,2302403.0,1808.0,21591,2020-09-30 09:32:00.223,413,23812,20596,2278591.0,277,20200930,00:00,2020-09-30 18:56:19.249
1.0335422601,2313044.0,2292988.0,1822.0,21470,2020-09-29 09:40:16.798,407,23699,20056,2269289.0,276,20200929,00:00,null
1.0365284161,2301303.0,2282716.0,1963.0,21292,2020-09-28 10:25:15.422,406,23661,18587,2259055.0,275,20200928,00:00,null
1.0366436472,2296517.0,2277639.0,1962.0,21248,2020-09-27 10:12:36.066,401,23611,18878,2254028.0,274,20200927,00:00,null
1.0351094730,2290345.0,2271837.0,1951.0,21166,2020-09-26 10:01:53.253,399,23516,18508,2248321.0,273,20200926,00:00,null
1.0375100466,2280276.0,2260701.0,2082.0,20978,2020-09-25 09:56:13.802,395,23455,19575,2237246.0,272,20200925,00:00,null
1.0382004939,2268999.0,2248217.0,2116.0,20832,2020-09-24 10:06:21.95,393,23341,20782,2224876.0,271,20200924,00:00,null
1.0381099387,2256899.0,2236372.0,2178.0,20650,2020-09-23 10:10:59.643,388,23216,20527,2213156.0,270,20200923,00:00,null
1.0399254688,2245112.0,2221890.0,2277.0,20441,2020-09-22 10:08:48.145,388,23106,23222,2198784.0,269,20200922,00:00,null
1.0432072023,2231589.0,2209053.0,2412.0,20248,2020-09-21 10:01:42.98,385,23045,22536,2186008.0,268,20200921,00:00,null
1.0431673785,2226701.0,2202427.0,2434.0,20158,2020-09-20 09:52:54.024,383,22975,24274,2179452.0,267,20200920,00:00,null
1.0432193476,2219162.0,2194457.0,2545.0,19970,2020-09-19 10:09:15.94,378,22893,24705,2171564.0,266,20200919,00:00,null
1.0446307638,2206365.0,2180962.0,2635.0,19771,2020-09-18 09:58:09.847,377,22783,25403,2158179.0,265,20200918,00:00,null
1.0458441347,2191892.0,2166384.0,2742.0,19543,2020-09-17 10:09:16.903,372,22657,25508,2143727.0,264,20200917,00:00,null
1.0452440559,2178832.0,2152990.0,2827.0,19310,2020-09-16 09:37:10.616,367,22504,25842,2130486.0,263,20200916,00:00,null
1.0476458731,2164578.0,2137268.0,3146.0,18878,2020-09-15 09:48:41.78,367,22391,27310,2114877.0,262,20200915,00:00,null
1.0494338190,2151002.0,2123526.0,3433.0,18489,2020-09-14 09:54:39.941,363,22285,27476,2101241.0,261,20200914,00:00,null
1.0482306145,2143270.0,2115565.0,3592.0,18226,2020-09-13 11:05:38.708,358,22176,27705,2093389.0,260,20200913,00:00,null
1.0464355477,2135457.0,2107631.0,3671.0,18029,2020-09-12 10:03:19.762,355,22055,27826,2085576.0,259,20200912,00:00,null
1.0488623726,2119211.0,2089788.0,3953.0,17616,2020-09-11 09:34:22.301,350,21919,29423,2067869.0,258,20200911,00:00,null
1.0521283303,2099591.0,2066573.0,4037.0,17360,2020-09-10 09:43:44.767,346,21743,33018,2044830.0,257,20200910,00:00,null
1.0552861830,2082234.0,2045701.0,4221.0,17023,2020-09-09 10:04:44.84,344,21588,36533,2024113.0,256,20200909,00:00,null
1.0595696462,2066078.0,2022708.0,4455.0,16636,2020-09-08 09:34:17.322,341,21432,43370,2001276.0,255,20200908,00:00,null
1.0625749680,2051297.0,2004188.0,4663.0,16297,2020-09-07 09:34:31.98,336,21296,47109,1982892.0,254,20200907,00:00,null
1.0608050637,2045935.0,1996314.0,4697.0,16146,2020-09-06 09:48:30.763,334,21177,49621,1975137.0,253,20200906,00:00,null
1.0584553504,2037045.0,1984968.0,4668.0,16009,2020-09-05 09:34:11.934,333,21010,52077,1963958.0,252,20200905,00:00,null
1.0597770817,2018906.0,1966640.0,4728.0,15783,2020-09-04 09:46:40.727,331,20842,52266,1945798.0,251,20200904,00:00,null
1.0613728954,2000552.0,1945028.0,4786.0,15529,2020-09-03 09:37:35.778,329,20644,55524,1924384.0,250,20200903,00:00,null
1.0630881387,1980295.0,1923547.0,4767.0,15356,2020-09-02 10:20:17.634,326,20449,56748,1903098.0,249,20200902,00:00,null
1.0609056124,1959080.0,1902337.0,4660.0,15198,2020-09-01 09:32:28.222,324,20182,56743,1882155.0,248,20200901,00:00,null
1.0611161854,1937689.0,1879813.0,4650.0,14973,2020-08-31 09:32:30.212,324,19947,57876,1859866.0,247,20200831,00:00,null
1.0555963109,1924170.0,1866149.0,4473.0,14903,2020-08-30 09:37:35.21,323,19699,58021,1846450.0,246,20200830,00:00,null
1.0456625754,1909329.0,1855283.0,4314.0,14765,2020-08-29 09:56:02.115,321,19400,54046,1835883.0,245,20200829,00:00,null
1.0384832711,1887717.0,1837006.0,4210.0,14551,2020-08-28 09:39:46.063,316,19077,50711,1817929.0,244,20200828,00:00,null
1.0291944377,1869579.0,1817538.0,3932.0,14461,2020-08-27 10:15:47.305,313,18706,52041,1798832.0,243,20200827,00:00,null
1.0165797393,1849506.0,1796711.0,3585.0,14368,2020-08-26 10:20:54.096,312,18265,52795,1778446.0,242,20200826,00:00,null
1.0107154423,1825837.0,1775475.0,3349.0,14286,2020-08-25 10:23:00.215,310,17945,50362,1757530.0,241,20200825,00:00,null
1.0057349380,1804422.0,1756427.0,3137.0,14219,2020-08-24 10:17:43.752,309,17665,47995,1738762.0,240,20200824,00:00,null
0.9978653630,1791186.0,1743622.0,2890.0,14200,2020-08-23 10:21:59.464,309,17399,47564,1726223.0,239,20200823,00:00,null
0.9808621687,1775800.0,1733373.0,2524.0,14169,2020-08-22 10:15:55.539,309,17002,42427,1716371.0,238,20200822,00:00,null
0.9714010668,1754123.0,1716078.0,2241.0,14120,2020-08-21 10:21:09.752,309,16670,38045,1699408.0,237,20200821,00:00,null
0.9620472195,1734083.0,1699085.0,1976.0,14063,2020-08-20 10:13:52.572,307,16346,34998,1682739.0,236,20200820,00:00,null
0.9535391635,1715064.0,1684042.0,1746.0,14006,2020-08-19 10:12:19.406,306,16058,31022,1667984.0,235,20200819,00:00,null
0.9427433406,1697042.0,1671823.0,1521.0,13934,2020-08-18 10:13:01.496,306,15761,25219,1656062.0,234,20200818,00:00,null
0.9315487305,1688470.0,1665506.0,1293.0,13917,2020-08-18 09:12:22.918,305,15515,22964,1649991.0,233,20200817,00:00,null
0.9228922834,1681787.0,1659782.0,1103.0,13910,2020-08-16 10:33:30.845,305,15318,22005,1644464.0,232,20200816,00:00,null
0.9094273492,1675296.0,1653678.0,833.0,13901,2020-08-15 09:04:10.134,305,15039,21618,1638639.0,231,20200815,00:00,null
0.9041601213,1665084.0,1644952.0,705.0,13863,2020-08-14 10:25:20.167,305,14873,20132,1630079.0,230,20200814,00:00,null
0.9022051188,1654898.0,1637100.0,648.0,13817,2020-08-13 10:26:12.732,305,14770,17798,1622330.0,229,20200813,00:00,null
0.9030999639,1646652.0,1629277.0,623.0,13786,2020-08-12 10:41:22.169,305,14714,17375,1614563.0,228,20200812,00:00,null
0.9047400106,1637844.0,1620355.0,626.0,13729,2020-08-11 10:28:36.961,305,14660,17489,1605695.0,227,20200811,00:00,null
0.9073724476,1628303.0,1611907.0,663.0,13658,2020-08-10 10:37:49.213,305,14626,16396,1597281.0,226,20200810,00:00,null
0.9079222090,1624650.0,1607847.0,651.0,13642,2020-08-09 10:42:31.546,305,14598,16803,1593249.0,225,20200809,00:00,null
0.9076239288,1620514.0,1604409.0,629.0,13629,2020-08-08 10:18:57.161,304,14562,16105,1589847.0,224,20200808,00:00,null
0.9093790242,1613652.0,1596584.0,673.0,13543,2020-08-07 10:11:42.66,303,14519,17068,1582065.0,223,20200807,00:00,null
0.9127731583,1606487.0,1588456.0,696.0,13501,2020-08-06 10:22:46.898,302,14499,18031,1573957.0,222,20200806,00:00,null
0.9151122018,1598187.0,1579697.0,748.0,13406,2020-08-05 10:20:58.194,302,14456,18490,1565241.0,221,20200805,00:00,null
0.9180449328,1589780.0,1571056.0,770.0,13352,2020-08-04 10:49:58.56,301,14423,18724,1556633.0,220,20200804,00:00,null
0.9209808775,1579757.0,1562356.0,808.0,13280,2020-08-03 10:22:38.424,301,14389,17401,1547967.0,219,20200803,00:00,null
0.9217967786,1576246.0,1558478.0,806.0,13259,2020-08-02 12:17:01.037,301,14366,17768,1544112.0,218,20200802,00:00,null
0.9227885516,1571830.0,1553552.0,802.0,13233,2020-08-01 10:20:04.002,301,14336,18278,1539216.0,217,20200801,00:00,null
0.9256107866,1563796.0,1545466.0,821.0,13183,2020-07-31 10:36:44.935,301,14305,18330,1531161.0,216,20200731,00:00,null
0.9282479734,1556215.0,1537197.0,837.0,13132,2020-07-30 11:11:23.001,300,14269,19018,1522928.0,215,20200730,00:00,2020-07-30 11:14:10.775
0.9326686653,1547307.0,1527981.0,882.0,13069,2020-07-29 10:44:55.248,300,14251,19326,1513730.0,214,20200729,00:00,null
0.9360953297,1537704.0,1517260.0,896.0,13007,2020-07-28 10:31:12.133,300,14203,20444,1503057.0,213,20200728,00:00,null
0.9398595945,1526974.0,1508204.0,971.0,12905,2020-07-27 10:35:55.409,299,14175,18770,1494029.0,212,20200727,00:00,null
0.9410046604,1522926.0,1503712.0,962.0,12890,2020-07-26 10:28:23.583,298,14150,19214,1489562.0,211,20200726,00:00,null
0.9401228724,1518634.0,1498953.0,928.0,12866,2020-07-25 10:19:50.222,298,14092,19681,1484861.0,210,20200725,00:00,null
0.9383340224,1510327.0,1489768.0,864.0,12817,2020-07-24 11:05:47.968,298,13979,20559,1475789.0,209,20200724,00:00,null
0.9421157792,1500854.0,1479436.0,883.0,12758,2020-07-23 10:38:02.297,297,13938,21418,1465498.0,208,20200723,00:00,null
0.9439441754,1492071.0,1470320.0,884.0,12698,2020-07-22 10:27:17.21,297,13879,21751,1456441.0,207,20200722,00:00,null
0.9472577108,1482390.0,1458526.0,877.0,12643,2020-07-21 11:07:32.302,296,13816,23864,1444710.0,206,20200721,00:00,null
0.9504510691,1470193.0,1448891.0,903.0,12572,2020-07-20 10:55:19.896,296,13771,21302,1435120.0,205,20200720,00:00,null
0.9523011114,1465299.0,1443346.0,894.0,12556,2020-07-19 10:19:04.08,295,13745,21953,1429601.0,204,20200719,00:00,null
0.9539540284,1460204.0,1437281.0,898.0,12519,2020-07-18 10:13:20.679,294,13711,22923,1423570.0,203,20200718,00:00,null
0.9574853264,1451017.0,1427907.0,919.0,12460,2020-07-17 10:40:48.691,293,13672,23110,1414235.0,202,20200717,00:00,null
0.9599814943,1441348.0,1417944.0,925.0,12396,2020-07-16 10:44:37.828,291,13612,23404,1404332.0,201,20200716,00:00,null
0.9624159901,1431316.0,1408019.0,914.0,12348,2020-07-15 10:38:15.025,289,13551,23297,1394468.0,200,20200715,00:00,null
0.9676816390,1420616.0,1396327.0,941.0,12282,2020-07-14 10:42:51.773,289,13512,24289,1382815.0,199,20200714,00:00,null
0.9721832542,1408312.0,1386467.0,986.0,12204,2020-07-13 10:20:51.913,289,13479,21845,1372988.0,198,20200713,00:00,null
0.9720252058,1402144.0,1380314.0,950.0,12178,2020-07-12 10:21:53.323,289,13417,21830,1366897.0,197,20200712,00:00,null
0.9732960405,1396941.0,1373991.0,941.0,12144,2020-07-11 10:24:19.527,288,13373,22950,1360618.0,196,20200711,00:00,null
0.9797533795,1384890.0,1361363.0,985.0,12065,2020-07-10 10:16:34.916,288,13338,23527,1348025.0,195,20200710,00:00,null
0.9862307555,1371771.0,1347859.0,987.0,12019,2020-07-09 10:50:30.028,287,13293,23912,1334566.0,194,20200709,00:00,null
0.9914488194,1359734.0,1335722.0,989.0,11970,2020-07-08 10:19:47.422,285,13244,24012,1322479.0,193,20200708,00:00,null
0.9966586491,1346194.0,1322519.0,982.0,11914,2020-07-07 10:15:15.306,285,13181,23675,1309338.0,192,20200707,00:00,null
1.0024387563,1331796.0,1310504.0,1005.0,11848,2020-07-06 10:42:19.893,284,13137,21292,1297367.0,191,20200706,00:00,null
1.0034452463,1326055.0,1304406.0,976.0,11832,2020-07-05 10:25:25.534,283,13091,21649,1291317.0,190,20200705,00:00,null
1.0043169904,1319521.0,1297200.0,936.0,11811,2020-07-04 10:13:42.477,283,13030,22321,1284172.0,189,20200704,00:00,null
1.0080073021,1307761.0,1286201.0,926.0,11759,2020-07-03 10:19:07.857,282,12967,21560,1273234.0,188,20200703,00:00,null
1.0111426287,1295962.0,1276180.0,938.0,11684,2020-07-02 10:27:02.501,282,12904,19782,1263276.0,187,20200702,00:00,null
1.0152444684,1285231.0,1265705.0,955.0,11613,2020-07-01 10:35:05.507,282,12850,19526,1252855.0,186,20200701,00:00,null
1.0215043465,1273765.0,1252956.0,981.0,11537,2020-06-30 11:19:14.228,282,12800,20809,1240157.0,185,20200630,00:00,null
1.0275845681,1259954.0,1241455.0,1046.0,11429,2020-06-29 10:29:35.516,282,12757,18499,1228698.0,184,20200629,00:00,2020-06-29 11:00:25.815
1.0314839902,1251695.0,1232690.0,1069.0,11364,2020-06-28 10:29:27.331,282,12715,19005,1219975.0,183,20200628,00:00,null
1.0338144673,1243780.0,1223914.0,1054.0,11317,2020-06-27 10:47:04.557,282,12653,19866,1211261.0,182,20200627,00:00,null
1.0384948499,1232315.0,1213487.0,1148.0,11172,2020-06-26 10:13:35.473,282,12602,18828,1200885.0,181,20200626,00:00,null
1.0455417792,1220478.0,1201578.0,1307.0,10974,2020-06-25 10:19:08.891,282,12563,18900,1189015.0,180,20200625,00:00,null
1.0548221402,1208597.0,1188352.0,1324.0,10930,2020-06-24 10:31:42.772,281,12535,20245,1175817.0,179,20200624,00:00,null
1.0636140726,1196012.0,1173734.0,1295.0,10908,2020-06-23 10:41:13.976,281,12484,22278,1161250.0,178,20200623,00:00,null
1.0697854838,1182066.0,1162663.0,1277.0,10881,2020-06-22 11:40:10.577,280,12438,19403,1150225.0,177,20200622,00:00,null
1.0741167355,1176463.0,1156392.0,1273.0,10868,2020-06-21 10:10:23.157,280,12421,20071,1143971.0,176,20200621,00:00,null
1.0764456500,1170901.0,1149431.0,1237.0,10856,2020-06-20 10:14:21.623,280,12373,21470,1137058.0,175,20200620,00:00,null
1.0824428058,1158063.0,1136873.0,1191.0,10835,2020-06-19 10:32:23.743,280,12306,21190,1124567.0,174,20200619,00:00,null
1.0904823674,1145712.0,1123998.0,1177.0,10800,2020-06-18 10:12:45.408,280,12257,21714,1111741.0,173,20200618,00:00,null
1.0975998214,1132823.0,1111334.0,1145.0,10774,2020-06-17 10:14:34.423,279,12198,21489,1099136.0,172,20200617,00:00,null
1.1078855382,1119767.0,1097135.0,1117.0,10760,2020-06-16 10:16:46.75,278,12155,22632,1084980.0,171,20200616,00:00,null
1.1172190545,1105719.0,1084926.0,1114.0,10730,2020-06-15 10:16:22.312,277,12121,20793,1072805.0,170,20200615,00:00,null
1.1199559580,1100327.0,1078971.0,1090.0,10718,2020-06-14 10:19:17.655,277,12085,21356,1066887.0,169,20200614,00:00,null
1.1247480984,1094703.0,1071351.0,1083.0,10691,2020-06-13 10:11:42.777,277,12051,23352,1059301.0,168,20200613,00:00,null
1.1352178592,1081486.0,1057242.0,1057.0,10669,2020-06-12 10:22:23.274,277,12003,24244,1045240.0,167,20200612,00:00,null
1.1471173706,1066887.0,1041393.0,1017.0,10654,2020-06-11 10:30:28.32,276,11947,25494,1029447.0,166,20200611,00:00,null
1.1602264883,1051971.0,1025748.0,1015.0,10611,2020-06-10 10:13:47.554,276,11902,26223,1013847.0,165,20200610,00:00,null
1.1750684407,1035996.0,1008537.0,989.0,10589,2020-06-09 10:08:46.492,274,11852,27459,996686.0,164,20200609,00:00,null
1.1886231069,1018213.0,993839.0,978.0,10563,2020-06-08 10:14:00.756,273,11814,24374,982026.0,163,20200608,00:00,null
1.1939717405,1012769.0,986288.0,951.0,10552,2020-06-07 10:20:08.998,273,11776,26481,974512.0,162,20200607,00:00,null
1.1990574522,1005305.0,977351.0,915.0,10531,2020-06-06 10:49:23.14,273,11719,27954,965632.0,161,20200606,00:00,null
1.2126452669,990960.0,962194.0,889.0,10506,2020-06-05 10:56:50.891,273,11668,28766,950526.0,160,20200605,00:00,null
1.2297244567,973858.0,945659.0,857.0,10499,2020-06-04 10:27:45.93,273,11629,28199,934030.0,159,20200604,00:00,null
1.2475954991,956852.0,928987.0,850.0,10467,2020-06-03 10:25:46.26,273,11590,27865,917397.0,158,20200603,00:00,null
1.2669483571,939851.0,910929.0,823.0,10446,2020-06-02 10:15:46.159,272,11541,28922,899388.0,157,20200602,00:00,null
1.2819098372,921391.0,897333.0,810.0,10422,2020-06-01 10:13:09.747,271,11503,24058,885830.0,156,20200601,00:00,null
1.2921282483,910822.0,887528.0,793.0,10405,2020-05-31 10:22:37.861,270,11468,23294,876060.0,155,20200531,00:00,null
1.3051518190,902901.0,876603.0,774.0,10398,2020-05-30 10:12:26.752,269,11441,26298,865162.0,154,20200530,00:00,null
1.3249465756,885120.0,860563.0,770.0,10363,2020-05-29 10:10:53.131,269,11402,24557,849161.0,153,20200529,00:00,null
1.3404293533,868666.0,846296.0,735.0,10340,2020-05-28 10:11:27.895,269,11344,22370,834952.0,152,20200528,00:00,null
1.3542674753,852876.0,831815.0,701.0,10295,2020-05-27 10:16:33.139,269,11265,21061,820550.0,151,20200527,00:00,null
1.3732045885,839475.0,817431.0,681.0,10275,2020-05-26 10:12:48.677,269,11225,22044,806206.0,150,20200526,00:00,null
1.3880012088,826437.0,807348.0,713.0,10226,2020-05-25 10:27:08.014,267,11206,19089,796142.0,149,20200525,00:00,null
1.3988269354,820289.0,799956.0,711.0,10213,2020-05-24 10:29:09.658,266,11190,20333,788766.0,148,20200524,00:00,null
1.4082091086,814420.0,792851.0,705.0,10194,2020-05-23 10:34:53.857,266,11165,21569,781686.0,147,20200523,00:00,null
1.4245677200,802418.0,782132.0,716.0,10162,2020-05-22 10:15:38.071,264,11142,20286,770990.0,146,20200522,00:00,null
1.4433003069,788684.0,770595.0,723.0,10135,2020-05-21 10:24:06.599,264,11122,18089,759473.0,145,20200521,00:00,null
1.4616843972,776433.0,760082.0,781.0,10066,2020-05-20 10:13:17.176,263,11110,16351,748972.0,144,20200520,00:00,null
1.4797321575,765574.0,748649.0,877.0,9938,2020-05-19 10:22:38.488,263,11078,16925,737571.0,143,20200519,00:00,null
1.5011165105,753211.0,737118.0,898.0,9904,2020-05-18 10:18:09.187,263,11065,16093,726053.0,142,20200518,00:00,null
1.5137131451,747653.0,729993.0,900.0,9888,2020-05-17 10:12:11.289,262,11050,17660,718943.0,141,20200517,00:00,null
1.5280312113,740645.0,722302.0,924.0,9851,2020-05-16 10:19:43.567,262,11037,18343,711265.0,140,20200516,00:00,2020-05-16 10:40:31.389
1.5586980386,726747.0,706872.0,937.0,9821,2020-05-15 10:33:33.767,260,11018,19875,695854.0,139,20200515,00:00,null
1.5911413772,711484.0,690762.0,969.0,9762,2020-05-14 10:18:24.652,260,10991,20722,679771.0,138,20200514,00:00,null
1.6207800503,695920.0,676341.0,1008.0,9695,2020-05-13 10:41:14.635,259,10962,19579,665379.0,137,20200513,00:00,null
1.6456000963,680890.0,664560.0,1008.0,9670,2020-05-12 10:12:13.807,258,10936,16330,653624.0,136,20200512,00:00,null
1.6589868759,668492.0,657570.0,1021.0,9632,2020-05-11 10:25:58.1,256,10909,10922,646661.0,135,20200511,00:00,null
1.6633066058,663886.0,653758.0,1008.0,9610,2020-05-10 10:14:56.134,256,10874,10128,642884.0,134,20200510,00:00,null
1.6654452377,660030.0,650877.0,1016.0,9568,2020-05-09 10:17:14.743,256,10840,9153,640037.0,133,20200509,00:00,null
1.6752425711,654863.0,645996.0,1082.0,9484,2020-05-08 10:18:50.37,256,10822,8867,635174.0,132,20200508,00:00,null
1.6865353322,649388.0,640959.0,1135.0,9419,2020-05-07 10:43:55.587,256,10810,8429,630149.0,131,20200507,00:00,null
1.7015018438,643095.0,635086.0,1218.0,9333,2020-05-06 10:16:11.219,255,10806,8009,624280.0,130,20200506,00:00,null
1.7111750628,640237.0,631379.0,1267.0,9283,2020-05-05 10:20:41.144,254,10804,8858,620575.0,129,20200505,00:00,null
1.7261024858,633921.0,625745.0,1332.0,9217,2020-05-04 10:11:32.113,252,10801,8176,614944.0,128,20200504,00:00,null
1.7341356234,630973.0,622385.0,1360.0,9183,2020-05-03 10:54:37.387,250,10793,8588,611592.0,127,20200503,00:00,null
1.7413329111,627562.0,619066.0,1407.0,9123,2020-05-02 10:22:19.467,250,10780,8496,608286.0,126,20200502,00:00,null
1.7536263965,623069.0,614384.0,1454.0,9072,2020-05-01 10:24:37.982,248,10774,8685,603610.0,125,20200501,00:00,null
1.7611538379,619881.0,611247.0,1459.0,9059,2020-04-30 10:12:41.865,247,10765,8634,600482.0,124,20200430,00:00,null
1.7760649622,614197.0,605890.0,1593.0,8922,2020-04-29 10:26:00.327,246,10761,8307,595129.0,123,20200429,00:00,null
1.7940601791,608514.0,599311.0,1654.0,8854,2020-04-28 10:22:15.984,244,10752,9203,588559.0,122,20200428,00:00,null
1.8115104636,601660.0,592765.0,1731.0,8764,2020-04-27 10:12:27.27,243,10738,8895,582027.0,121,20200427,00:00,
1.8205082082,598285.0,589286.0,1769.0,8717,2020-04-26 10:12:24.24,242,10728,8999,578558.0,120,20200426,00:00,
1.8293161655,595161.0,585902.0,1843.0,8635,2020-04-25 10:58:08.08,240,10718,9259,575184.0,119,20200425,00:00,
1.8293161655,595161.0,585902.0,1843.0,8635,2020-04-25 10:57:05.05,240,10718,9259,575184.0,118,20200425,00:00,
2.1770963544,597244.0,587985.0,1843.0,10718,2020-04-25 10:39:03.03,240,12801,9259,575184.0,117,20200425,00:00,
1.8464615809,589520.0,579920.0,1967.0,8501,2020-04-24 10:11:08.08,240,10708,9600,569212.0,116,20200424,00:00,
1.8650057856,583971.0,573832.0,2051.0,8411,2020-04-23 10:11:05.05,240,10702,10139,563130.0,115,20200423,00:00,
1.8899402302,577959.0,565838.0,2179.0,8277,2020-04-22 10:20:28.28,238,10694,12121,555144.0,114,20200422,00:00,
1.9135113641,571014.0,558293.0,2233.0,8213,2020-04-21 10:11:58.58,237,10683,12721,547610.0,113,20200421,00:00,
1.9370152471,563035.0,551054.0,2324.0,8114,2020-04-20 10:26:59.59,236,10674,11981,540380.0,112,20200420,00:00,
1.9494720827,559109.0,546866.0,2385.0,8042,2020-04-19 10:27:30.30,234,10661,12243,536205.0,111,20200419,00:00,
1.9680980779,554834.0,541284.0,2484.0,7937,2020-04-18 10:44:12.12,232,10653,13550,530631.0,110,20200418,00:00,
1.9980198280,546463.0,532277.0,2576.0,7829,2020-04-17 10:32:02.02,230,10635,14186,521642.0,109,20200417,00:00,
2.0234239009,538775.0,524507.0,2627.0,7757,2020-04-16 10:55:17.17,229,10613,14268,513894.0,108,20200416,00:00,
2.0385890215,534552.0,519526.0,2750.0,7616,2020-04-15 11:34:34.34,225,10591,15026,508935.0,107,20200415,00:00,
2.0601146284,527438.0,512787.0,2808.0,7534,2020-04-14 10:23:15.15,222,10564,14651,502223.0,106,20200414,00:00,
2.0850812898,518743.0,505352.0,2873.0,7447,2020-04-13 10:14:53.53,217,10537,13391,494815.0,105,20200413,00:00,
2.0989032272,514621.0,500833.0,2930.0,7368,2020-04-12 10:20:49.49,214,10512,13788,490321.0,104,20200412,00:00,
2.1111623681,510479.0,496409.0,3026.0,7243,2020-04-11 10:24:11.11,211,10480,14070,485929.0,103,20200411,00:00,
2.1424778525,503051.0,487753.0,3125.0,7117,2020-04-10 10:15:54.54,208,10450,15298,477303.0,102,20200410,00:00,
2.1750743945,494711.0,479202.0,3246.0,6973,2020-04-09 10:22:27.27,204,10423,15509,468779.0,101,20200409,00:00,
2.2181161819,486003.0,468145.0,3408.0,6776,2020-04-08 10:15:42.42,200,10384,17858,457761.0,100,20200408,00:00,
2.2623255243,477304.0,456654.0,3445.0,6694,2020-04-07 10:12:25.25,192,10331,20650,446323.0,99,20200407,00:00,
2.2980543408,466804.0,447509.0,3500.0,6598,2020-04-06 10:27:44.44,186,10284,19295,437225.0,98,20200406,00:00,
2.3178358110,461233.0,441662.0,3591.0,6463,2020-04-05 10:11:59.59,183,10237,19571,431425.0,97,20200405,00:00,
2.3353139199,455032.0,434888.0,3654.0,6325,2020-04-04 10:32:51.51,177,10156,20144,424732.0,96,20200404,00:00,
2.3710720723,443273.0,424365.0,3867.0,6021,2020-04-03 10:19:21.21,174,10062,18908,414303.0,95,20200403,00:00,
2.4104886217,431743.0,413858.0,3979.0,5828,2020-04-02 10:13:00.00,169,9976,17885,403882.0,94,20200402,00:00,
2.4104886217,431743.0,413858.0,3979.0,5828,2020-04-02 10:09:03.03,169,9976,17885,403882.0,93,20200402,00:00,
2.4414636435,421547.0,404962.0,4155.0,5567,2020-04-01 10:13:22.22,165,9887,16585,395075.0,92,20200401,00:00,
2.4858257635,410564.0,393672.0,4216.0,5408,2020-03-31 11:00:44.44,162,9786,16892,383886.0,91,20200331,00:00,2020-03-31 11:43:15.15
2.5312906936,395194.0,381663.0,4275.0,5228,2020-03-30 10:32:34.34,158,9661,13531,372002.0,90,20200330,00:00,
2.5277423881,394141.0,379113.0,4398.0,5033,2020-03-29 10:10:20.20,152,9583,15028,369530.0,89,20200329,00:00,
2.5522335409,387925.0,371361.0,4523.0,4811,2020-03-28 10:30:06.06,144,9478,16564,361883.0,88,20200328,00:00,
2.5797391511,376961.0,361742.0,4665.0,4528,2020-03-27 10:17:01.01,139,9332,15219,352410.0,87,20200327,00:00,
2.6359702544,364942.0,350573.0,4966.0,4144,2020-03-26 10:40:50.50,131,9241,14369,341332.0,86,20200326,00:00,
2.6590574416,357896.0,343618.0,5281.0,3730,2020-03-25 10:12:04.04,126,9137,14278,334481.0,85,20200325,00:00,
2.7126570651,348582.0,333142.0,5410.0,3507,2020-03-24 10:20:57.57,120,9037,15440,324105.0,84,20200324,00:00,2020-04-07 19:37:58.58
2.7126570651,348582.0,333142.0,5410.0,3507,2020-03-24 10:09:30.30,120,9037,15440,324105.0,83,20200324,00:00,
2.7622623363,338036.0,324408.0,5684.0,3166,2020-03-23 10:27:32.32,111,8961,13628,315447.0,82,20200323,00:00,
2.8045013239,331780.0,317240.0,5884.0,2909,2020-03-22 10:07:28.28,104,8897,14540,308343.0,81,20200322,00:00,
2.8219560302,327509.0,311805.0,6085.0,2612,2020-03-21 10:02:58.58,102,8799,15704,303006.0,80,20200321,00:00,
2.8730918280,316664.0,301139.0,6325.0,2233,2020-03-20 10:15:59.59,94,8652,15525,292487.0,79,20200320,00:00,
2.9420857378,307024.0,291120.0,6527.0,1947,2020-03-19 10:07:57.57,91,8565,15904,282555.0,78,20200319,00:00,
3.0121625056,295647.0,279301.0,6789.0,1540,2020-03-18 10:26:15.15,84,8413,16346,270888.0,77,20200318,00:00,
3.0880579010,286716.0,269425.0,6838.0,1401,2020-03-17 10:29:38.38,81,8320,17291,261105.0,76,20200317,00:00,
3.1733922083,274504.0,259533.0,7024.0,1137,2020-03-16 10:12:33.33,75,8236,14971,251297.0,75,20200316,00:00,
3.2396602365,268212.0,251940.0,7253.0,834,2020-03-15 10:01:22.22,75,8162,16272,243778.0,74,20200315,00:00,
3.3180003364,261335.0,243701.0,7300.0,714,2020-03-14 10:29:11.11,72,8086,17634,235615.0,73,20200314,00:00,2020-03-14 10:34:07.07
3.4584993086,248647.0,230707.0,7402.0,510,2020-03-13 10:07:22.22,67,7979,17940,222728.0,72,20200313,00:00,
3.6217442732,234998.0,217271.0,7470.0,333,2020-03-12 10:37:03.03,66,7869,17727,209402.0,71,20200312,00:00,
3.8041745358,222395.0,203855.0,7407.0,288,2020-03-11 10:17:19.19,60,7755,18540,196100.0,70,20200311,00:00,
3.9193080566,210144.0,191692.0,7212.0,247,2020-03-10 10:20:27.27,54,7513,18452,184179.0,69,20200310,00:00,
4.1203393614,196618.0,179160.0,7165.0,166,2020-03-09 10:47:15.15,51,7382,17458,171778.0,68,20200309,00:00,2020-03-09 13:29:59.59
4.2177578602,188518.0,169142.0,6954.0,130,2020-03-08 11:16:27.27,50,7134,19376,162008.0,67,20200308,00:00,2020-03-09 13:35:51.51
4.2675428362,178189.0,158569.0,6605.0,118,2020-03-07 11:00:45.45,44,6767,19620,151802.0,66,20200307,00:00,2020-03-09 13:36:26.26
4.3972345844,164740.0,142908.0,6134.0,108,2020-03-06 12:55:44.44,42,6284,21832,136624.0,65,20200306,00:00,2020-03-09 14:05:01.01
4.6227481540,146541.0,124731.0,5643.0,88,2020-03-05 10:15:12.12,35,5766,21810,118965.0,64,20200305,00:00,2020-03-09 14:06:01.01
4.9199855946,136707.0,108293.0,5255.0,41,2020-03-04 10:21:44.44,32,5328,28414,102965.0,63,20200304,00:00,2020-03-09 14:06:59.59
5.3291397182,125851.0,90296.0,4750.0,34,2020-03-03 10:46:53.53,28,4812,35555,85484.0,62,20200303,00:00,2020-03-09 14:08:12.12
5.5573147561,109591.0,75792.0,4159.0,31,2020-03-02 10:52:38.38,22,4212,33799,71580.0,61,20200302,00:00,2020-03-09 14:08:51.51
,,,,30,2020-03-01 17:41:45.45,18,3736,33360,,60,20200301,16:00,
,,,,30,2020-03-01 10:06:32.32,17,3526,32422,,59,20200301,09:00,
,,,,28,2020-02-29 17:16:20.20,17,3150,35182,,58,20200229,16:00,2020-02-29 18:02:17.17
,,,,27,2020-02-29 10:14:50.50,16,2931,29154,,57,20200229,09:00,
,,,,27,2020-02-28 17:01:59.59,13,2337,30237,,56,20200228,16:00,
,,,,26,2020-02-28 10:32:34.34,13,2022,24751,,55,20200228,09:00,2020-02-28 13:34:23.23
,,,,26,2020-02-27 17:32:06.06,13,1766,25568,,54,20200227,16:00,
,,,,24,2020-02-27 10:19:35.35,12,1595,21097,,53,20200227,09:00,
,,,,24,2020-02-26 17:00:43.43,12,1261,20716,,52,20200226,16:00,
,,,,22,2020-02-26 10:02:05.05,11,1146,16734,,51,20200226,09:00,
,,,,22,2020-02-25 17:02:03.03,10,977,13880,,50,20200225,16:00,
,,,,22,2020-02-25 10:00:40.40,8,893,13273,,49,20200225,09:00,
,,,,22,2020-02-24 17:03:50.50,7,833,11631,,48,20200224,16:00,
,,,,18,2020-02-24 10:17:36.36,7,763,8725,,47,20200224,09:00,
,,,,18,2020-02-23 17:05:12.12,5,602,8057,,46,20200223,16:00,
,,,,18,2020-02-23 10:22:25.25,4,556,6039,,45,20200223,09:00,
,,,,18,2020-02-22 17:00:28.28,2,433,6037,,44,20200222,16:00,
,,,,17,2020-02-22 9:59:46.46,2,346,5481,,43,20200222,09:00,
,,,,17,2020-02-21 17:13:21.21,1,204,3180,,42,20200221,16:00,
,,,,17,2020-02-21 17:12:33.33,1,204,3180,,41,20200221,16:00,
,,,,16,2020-02-21 9:58:51.51,1,156,2707,,40,20200221,09:00,
,,,,16,2020-02-20 17:12:33.33,1,104,1860,,39,20200220,16:00,
,,,,16,2020-02-20 10:01:31.31,0,82,1633,,38,20200220,09:00,
,,,,16,2020-02-19 17:00:13.13,0,51,1149,,37,20200219,16:00,
,,,,12,2020-02-19 9:53:08.08,0,46,1030,,36,20200219,09:00,
,,,,12,2020-02-18 16:42:00.00,0,31,818,,35,20200218,16:00,
,,,,10,2020-02-18 10:05:31.31,0,31,957,,34,20200218,09:00,
,,,,10,2020-02-18 10:04:38.38,0,31,957,,33,20200218,09:00,
,,,,10,2020-02-17 16:50:47.47,0,30,708,,32,20200217,16:00,
,,,,9,2020-02-17 9:53:13.13,0,30,408,,31,20200217,09:00,
,,,,9,2020-02-16 16:57:02.02,0,29,485,,30,20200216,16:00,
,,,,9,2020-02-16 10:04:04.04,0,29,577,,29,20200216,09:00,
,,,,9,2020-02-15 17:00:21.21,0,28,558,,28,20200215,16:00,
,,,,7,2020-02-15 10:00:11.11,0,28,638,,27,20200215,09:00,
,,,,7,2020-02-14 17:16:19.19,0,28,535,,26,20200214,16:00,
,,,,7,2020-02-14 9:50:49.49,0,28,692,,25,20200214,09:00,
,,,,7,2020-02-13 17:09:07.07,0,28,562,,24,20200213,16:00,
,,,,7,2020-02-13 9:50:45.45,0,28,670,,23,20200213,09:00,
,,,,7,2020-02-12 16:56:47.47,0,28,785,,22,20200212,16:00,
,,,,4,2020-02-12 10:05:49.49,0,28,992,,21,20200212,09:00,
,,,,4,2020-02-11 17:09:25.25,0,28,762,,20,20200211,16:00,
,,,,4,2020-02-11 9:50:10.10,0,28,865,,19,20200211,09:00,
,,,,3,2020-02-10 17:03:49.49,0,27,531,,18,20200210,16:00,2020-02-10 19:04:27.27
,,,,3,2020-02-10 9:56:41.41,0,27,809,,17,20200210,09:00,
,,,,3,2020-02-09 16:59:21.21,0,27,888,,16,20200209,16:00,
,,,,3,2020-02-09 9:58:22.22,0,25,960,,15,20200209,09:00,2020-02-09 11:08:56.56
,,,,2,2020-02-08 17:01:34.34,0,24,939,,14,20200208,16:00,
,,,,2,2020-02-08 17:01:12.12,0,24,939,,13,20200208,16:00,
,,,,2,2020-02-08 16:48:05.05,0,24,939,,12,20200208,16:00,
,,,,2,2020-02-08 16:00:22.22,0,24,939,,11,20200208,16:00,
,,,,2,2020-02-08 10:09:34.34,0,24,620,,10,20200208,09:00,
,,,,2,2020-02-07 17:20:45.45,0,24,327,,9,20200207,16:00,
,,,,2,2020-02-07 9:53:27.27,0,24,264,,8,20200207,09:00,2020-02-07 11:44:30.30
,,,,1,2020-02-06 9:09:49.49,0,23,169,,7,20200206,09:00,2020-02-06 10:04:35.35
,,,,1,2020-02-05 20:05:40.40,0,19,40,,6,20200205,19:00,2020-02-06 10:05:36.36
,,,,0,2020-02-04 23:56:31.31,0,18,129,,5,20200205,09:00,2020-02-05 9:43:16.16
,,,,0,2020-02-03 21:26:59.59,0,0,0,,4,20200204,00:00,
,,,,0,2020-02-03 14:41:17.17,0,15,0,,3,20200203,09:00,2020-02-04 14:19:46.46
,,,,2,2020-02-03 12:22:49.49,2,2,2,,2,20200202,09:00,
,,,,1,2020-01-31 17:47:33.33,0,0,1,,1,20200101,18:00,2020-02-03 12:21:56.56
