일시,평균기온,최고기온,최저기온
20160101000000,1.2,4.0,-3.3
20160102000000,5.7,9.5,1.0
20160103000000,6.5,9.4,5.1
20160104000000,2.0,5.3,-2.5
20160105000000,-2.7,1.5,-4.8
20160106000000,-1.7,1.7,-4.9
20160107000000,-3.4,1.4,-5.9
20160108000000,-3.3,1.0,-6.9
20160109000000,-2.1,2.4,-6.2
20160110000000,0.3,3.8,-2.7
20160111000000,-3.8,0.9,-6.5
20160112000000,-5.2,0.7,-9.1
20160113000000,-4.5,0.1,-8.2
20160114000000,-3.4,1.3,-8.4
20160115000000,-0.4,5.3,-4.3
20160116000000,-0.2,2.8,-2.1
20160117000000,1.7,5.4,-0.7
20160118000000,-6.3,0.4,-12.3
20160119000000,-12.8,-8.9,-15.1
20160120000000,-10.5,-5.2,-14.5
20160121000000,-7.1,-2.3,-10.2
20160122000000,-7.6,-3.8,-11.1
20160123000000,-11.5,-8.3,-16.0
20160124000000,-14.4,-10.5,-18.0
20160125000000,-9.4,-3.4,-14.3
20160126000000,-3.3,1.7,-8.5
20160127000000,-1.1,4.3,-4.7
20160128000000,-0.5,3.5,-5.6
20160129000000,1.9,5.4,-1.4
20160130000000,0.6,5.2,-2.5
20160131000000,-3.9,0.3,-6.5
20160201000000,-6.0,-1.0,-9.1
20160202000000,-5.3,0.9,-10.0
20160203000000,-2.4,4.0,-8.3
20160204000000,-0.7,3.9,-4.0
20160205000000,-2.2,3.4,-6.8
20160206000000,-3.1,2.0,-6.2
20160207000000,-2.9,3.5,-8.3
20160208000000,1.3,5.5,-4.3
20160209000000,0.3,5.5,-3.9
20160210000000,2.7,10.7,-4.3
20160211000000,8.1,13.5,1.6
20160212000000,8.4,10.0,6.8
20160213000000,11.0,14.4,5.8
20160214000000,-2.6,5.8,-6.8
20160215000000,-5.8,-2.3,-10.0
20160216000000,-2.7,1.1,-6.7
20160217000000,0.0,5.4,-5.2
20160218000000,3.5,7.8,-1.4
20160219000000,2.3,4.4,0.1
20160220000000,1.3,6.3,-2.5
20160221000000,-0.6,4.4,-4.2
20160222000000,1.1,4.2,-2.2
20160223000000,0.7,4.5,-4.5
20160224000000,-3.0,2.2,-6.8
20160225000000,-0.2,5.7,-5.8
20160226000000,2.2,7.5,-3.2
20160227000000,3.3,8.1,0.5
20160228000000,0.7,6.9,-2.6
20160229000000,-3.8,-1.1,-5.9
20160301000000,-2.7,2.1,-7.5
20160302000000,3.1,8.1,-2.2
20160303000000,8.1,13.9,4.4
20160304000000,13.2,20.3,6.4
20160305000000,11.3,13.5,9.1
20160306000000,7.9,12.9,4.3
20160307000000,8.1,12.2,4.8
20160308000000,2.7,7.0,-1.4
20160309000000,0.3,5.3,-2.7
20160310000000,-1.1,3.1,-4.3
20160311000000,-0.5,4.6,-5.5
20160312000000,2.0,6.4,-3.3
20160313000000,3.7,6.5,1.9
20160314000000,4.7,9.6,1.3
20160315000000,5.2,12.4,-1.0
20160316000000,7.5,13.8,2.7
20160317000000,9.3,14.7,2.0
20160318000000,13.4,20.1,8.8
20160319000000,11.4,18.1,6.6
20160320000000,10.6,17.5,4.9
20160321000000,9.9,16.1,5.5
20160322000000,8.0,13.8,3.5
20160323000000,8.2,13.8,3.8
20160324000000,7.2,12.7,1.6
20160325000000,7.1,12.6,2.1
20160326000000,6.5,12.6,2.1
20160327000000,7.2,13.1,2.2
20160328000000,9.8,17.4,2.3
20160329000000,11.3,17.1,7.6
20160330000000,11.5,18.3,7.0
20160331000000,13.5,21.4,6.0
20160401000000,15.3,23.8,7.3
20160402000000,15.0,21.7,9.6
20160403000000,10.7,12.7,8.2
20160404000000,12.3,19.8,5.1
20160405000000,11.4,18.1,5.9
20160406000000,14.4,22.9,6.6
20160407000000,14.1,20.6,10.5
20160408000000,11.1,18.7,7.8
20160409000000,10.7,14.1,7.4
20160410000000,13.4,20.7,9.3
20160411000000,12.5,19.4,5.7
20160412000000,14.1,19.4,10.3
20160413000000,15.6,21.4,11.4
20160414000000,12.4,18.6,9.3
20160415000000,15.0,23.1,8.1
20160416000000,14.9,20.7,9.8
20160417000000,10.8,14.5,8.3
20160418000000,11.2,18.6,7.1
20160419000000,12.0,19.2,6.5
20160420000000,14.3,20.9,10.1
20160421000000,13.5,16.9,10.3
20160422000000,13.5,18.6,10.1
20160423000000,13.5,19.8,7.8
20160424000000,15.5,23.7,8.1
20160425000000,17.2,25.3,10.2
20160426000000,21.1,29.6,12.1
20160427000000,17.2,20.7,14.5
20160428000000,17.2,23.0,12.4
20160429000000,16.2,22.6,10.9
20160430000000,15.9,20.4,10.8
20160501000000,18.8,26.0,12.2
20160502000000,21.1,28.4,16.5
20160503000000,12.9,17.6,8.9
20160504000000,15.7,20.6,10.2
20160505000000,18.9,26.9,10.2
20160506000000,16.3,18.6,13.0
20160507000000,16.5,22.6,10.7
20160508000000,19.4,26.8,11.6
20160509000000,20.2,25.4,16.3
20160510000000,14.5,18.1,12.5
20160511000000,16.4,23.5,10.4
20160512000000,17.8,24.0,12.1
20160513000000,18.6,25.4,12.7
20160514000000,20.2,26.9,15.1
20160515000000,17.4,24.2,12.3
20160516000000,15.9,21.9,10.8
20160517000000,19.3,26.6,10.9
20160518000000,22.3,29.5,13.5
20160519000000,24.3,31.9,16.3
20160520000000,24.0,31.6,16.8
20160521000000,24.1,30.4,17.8
20160522000000,24.7,31.7,17.6
20160523000000,23.3,29.4,18.3
20160524000000,16.8,21.8,15.4
20160525000000,19.7,24.4,15.3
20160526000000,19.4,22.9,17.5
20160527000000,20.9,27.1,14.8
20160528000000,21.7,28.0,17.2
20160529000000,21.5,27.6,17.2
20160530000000,22.1,28.9,16.9
20160531000000,21.6,27.6,17.4
20160601000000,23.3,29.9,17.1
20160602000000,23.2,29.1,17.2
20160603000000,22.2,27.7,17.6
20160604000000,21.2,26.3,18.2
20160605000000,24.7,32.2,17.3
20160606000000,23.3,28.4,20.8
20160607000000,21.7,25.9,19.6
20160608000000,22.1,27.7,18.2
20160609000000,24.1,31.3,17.8
20160610000000,24.6,31.3,20.2
20160611000000,23.5,26.5,20.9
20160612000000,23.5,26.7,19.9
20160613000000,23.5,29.6,19.4
20160614000000,23.8,29.5,19.7
20160615000000,20.9,24.5,17.4
20160616000000,20.9,24.9,18.6
20160617000000,23.8,29.1,18.6
20160618000000,24.5,29.9,20.1
20160619000000,24.1,29.3,20.3
20160620000000,24.7,30.7,19.6
20160621000000,26.0,31.3,21.0
20160622000000,24.3,30.2,20.9
20160623000000,24.7,29.4,19.6
20160624000000,23.1,25.7,21.1
20160625000000,22.8,26.7,19.2
20160626000000,24.4,30.3,19.4
20160627000000,24.4,29.5,19.9
20160628000000,24.7,29.7,20.4
20160629000000,25.3,30.2,20.9
20160630000000,24.6,26.9,23.0
20160701000000,24.0,26.6,22.0
20160702000000,23.5,27.7,20.6
20160703000000,23.5,26.8,21.1
20160704000000,21.8,24.1,20.2
20160705000000,23.1,24.8,20.2
20160706000000,22.9,26.9,20.3
20160707000000,24.0,28.5,20.1
20160708000000,27.3,32.4,21.2
20160709000000,27.7,32.7,23.2
20160710000000,27.9,33.1,23.2
20160711000000,28.4,33.4,24.8
20160712000000,26.3,30.9,22.1
20160713000000,26.3,29.5,23.2
20160714000000,27.5,32.4,24.0
20160715000000,26.2,29.2,23.7
20160716000000,20.8,23.8,19.8
20160717000000,21.7,23.1,20.4
20160718000000,24.4,28.4,20.7
20160719000000,27.1,32.4,20.9
20160720000000,28.6,32.9,24.0
20160721000000,28.3,32.2,24.9
20160722000000,29.1,34.1,25.3
20160723000000,28.7,31.6,27.2
20160724000000,28.0,30.1,27.0
20160725000000,28.4,31.4,26.4
20160726000000,28.4,31.9,25.6
20160727000000,27.6,28.9,26.7
20160728000000,28.0,30.5,26.7
20160729000000,26.3,28.4,23.4
20160730000000,28.6,33.0,26.4
20160731000000,28.9,32.8,26.6
20160801000000,28.4,32.4,25.8
20160802000000,27.2,31.1,25.0
20160803000000,29.1,34.2,24.0
20160804000000,30.7,35.7,26.0
20160805000000,31.2,36.0,26.5
20160806000000,30.5,34.0,26.6
20160807000000,30.6,35.0,27.0
20160808000000,30.5,35.5,26.4
20160809000000,29.3,33.6,26.4
20160810000000,29.4,34.8,26.1
20160811000000,30.5,36.4,26.1
20160812000000,30.4,35.9,26.4
20160813000000,30.2,35.1,26.8
20160814000000,28.9,31.8,27.3
20160815000000,29.1,34.0,25.8
20160816000000,29.3,34.9,26.2
20160817000000,29.9,34.7,25.1
20160818000000,29.9,34.3,26.2
20160819000000,28.9,33.2,26.6
20160820000000,30.1,34.9,26.5
20160821000000,30.7,36.6,26.9
20160822000000,30.7,36.3,25.8
20160823000000,28.3,33.0,26.0
20160824000000,29.1,32.9,26.4
20160825000000,27.1,32.2,24.0
20160826000000,23.0,28.2,19.5
20160827000000,23.4,29.7,16.9
20160828000000,21.0,24.5,18.3
20160829000000,22.2,27.1,17.4
20160830000000,20.6,24.5,17.9
20160831000000,17.7,19.2,16.1
20160901000000,23.2,28.6,15.8
20160902000000,24.2,29.0,20.6
20160903000000,23.9,28.6,20.4
20160904000000,25.6,29.6,22.1
20160905000000,26.4,31.1,23.0
20160906000000,24.7,29.0,21.0
20160907000000,24.3,28.6,20.9
20160908000000,23.0,26.5,21.5
20160909000000,23.9,29.3,19.7
20160910000000,24.4,29.1,20.0
20160911000000,24.5,28.2,22.1
20160912000000,23.4,27.5,21.4
20160913000000,24.6,30.8,19.6
20160914000000,24.6,28.9,21.4
20160915000000,23.9,29.5,18.8
20160916000000,24.6,29.5,20.4
20160917000000,23.1,28.2,18.5
20160918000000,23.5,28.3,20.2
20160919000000,21.9,27.8,18.2
20160920000000,20.6,26.8,15.4
20160921000000,20.2,25.3,14.3
20160922000000,21.9,27.2,17.5
20160923000000,21.4,27.9,16.4
20160924000000,22.3,28.9,16.5
20160925000000,23.0,29.7,18.6
20160926000000,23.6,28.9,19.7
20160927000000,21.0,23.8,19.1
20160928000000,19.9,21.8,18.7
20160929000000,20.4,24.8,18.2
20160930000000,20.5,23.5,17.7
20161001000000,21.1,25.6,17.5
20161002000000,19.0,22.4,16.7
20161003000000,22.7,27.9,19.6
20161004000000,22.0,29.0,15.6
20161005000000,21.1,27.2,17.5
20161006000000,18.0,23.5,13.6
20161007000000,19.7,24.8,16.5
20161008000000,16.8,21.8,10.3
20161009000000,11.3,16.6,6.5
20161010000000,14.0,21.4,7.4
20161011000000,15.4,21.1,10.0
20161012000000,15.5,20.7,11.4
20161013000000,15.2,21.9,9.3
20161014000000,16.7,23.5,10.5
20161015000000,19.1,27.1,12.4
20161016000000,17.2,19.5,15.4
20161017000000,17.5,21.7,14.5
20161018000000,17.0,24.0,11.2
20161019000000,18.0,24.3,14.0
20161020000000,18.6,25.8,12.9
20161021000000,17.9,22.0,15.7
20161022000000,18.3,22.8,14.5
20161023000000,13.3,17.8,10.6
20161024000000,15.1,20.6,9.0
20161025000000,14.1,17.5,12.5
20161026000000,13.3,16.3,10.5
20161027000000,14.6,20.9,8.6
20161028000000,14.6,18.4,10.2
20161029000000,7.8,11.2,3.5
20161030000000,7.9,15.1,1.6
20161031000000,5.7,8.2,0.7
20161101000000,1.5,6.6,-2.4
20161102000000,4.1,10.5,-2.7
20161103000000,9.1,14.1,4.2
20161104000000,12.3,15.7,8.2
20161105000000,15.0,18.1,12.2
20161106000000,14.0,18.3,11.9
20161107000000,12.8,17.8,8.5
20161108000000,4.1,8.4,0.4
20161109000000,2.1,8.6,-3.2
20161110000000,6.0,9.8,1.5
20161111000000,9.1,14.2,6.2
20161112000000,11.4,16.7,5.1
20161113000000,14.4,18.1,12.1
20161114000000,13.2,15.8,10.2
20161115000000,5.2,10.2,2.5
20161116000000,5.2,12.0,0.0
20161117000000,9.1,16.5,4.0
20161118000000,10.3,14.6,4.9
20161119000000,13.0,18.6,9.9
20161120000000,9.8,15.3,6.4
20161121000000,9.5,14.6,5.1
20161122000000,2.0,8.4,-2.1
20161123000000,-1.8,3.6,-4.8
20161124000000,-2.5,2.4,-6.2
20161125000000,1.0,6.0,-3.5
20161126000000,0.9,2.7,-0.7
20161127000000,3.3,6.6,0.5
20161128000000,1.4,5.6,-1.4
20161129000000,1.7,8.6,-2.8
20161130000000,6.0,9.8,0.7
20161201000000,4.1,7.0,-1.0
20161202000000,1.6,7.9,-3.5
20161203000000,4.5,11.3,-0.7
20161204000000,5.5,9.5,2.0
20161205000000,5.9,10.3,0.5
20161206000000,-1.1,4.3,-4.2
20161207000000,1.7,7.5,-2.7
20161208000000,2.1,6.1,-3.0
20161209000000,1.4,4.2,-2.9
20161210000000,-1.6,3.6,-5.9
20161211000000,-1.1,6.4,-6.1
20161212000000,2.3,6.3,-3.0
20161213000000,3.4,8.8,-0.4
20161214000000,-1.4,-0.1,-2.3
20161215000000,-5.0,-1.5,-7.6
20161216000000,-4.7,0.0,-9.8
20161217000000,2.7,8.0,-2.7
20161218000000,4.9,8.1,2.7
20161219000000,7.2,12.0,4.3
20161220000000,7.6,13.6,4.4
20161221000000,7.9,12.6,4.1
20161222000000,5.5,11.0,1.5
20161223000000,-2.5,1.5,-4.4
20161224000000,-2.4,1.1,-4.3
20161225000000,1.0,6.4,-4.5
20161226000000,2.5,4.4,1.3
20161227000000,-2.3,1.3,-6.3
20161228000000,-3.7,2.6,-8.4
20161229000000,-4.2,-1.1,-7.2
20161230000000,-3.9,1.0,-9.1
20161231000000,0.7,5.7,-3.6
20170101000000,2.7,6.9,-1.6
20170102000000,5.0,9.2,1.8
20170103000000,2.0,7.7,-2.3
20170104000000,3.9,8.9,1.0
20170105000000,3.8,7.3,-0.1
20170106000000,5.4,11.4,2.5
20170107000000,4.6,10.5,0.0
20170108000000,6.5,10.9,4.0
20170109000000,1.5,4.3,-3.1
20170110000000,-3.7,1.1,-7.4
20170111000000,-3.8,1.5,-9.4
20170112000000,-2.2,1.0,-6.1
20170113000000,-6.0,-1.4,-8.6
20170114000000,-8.4,-5.4,-10.5
20170115000000,-6.6,-0.9,-11.5
20170116000000,-3.8,4.0,-8.9
20170117000000,-2.0,3.4,-7.1
20170118000000,-0.5,2.8,-3.0
20170119000000,-1.2,4.7,-4.9
20170120000000,-4.4,-1.4,-7.8
20170121000000,-5.2,-0.9,-10.0
20170122000000,-8.3,-3.3,-10.9
20170123000000,-8.9,-4.1,-12.6
20170124000000,-7.0,-1.3,-11.6
20170125000000,-5.2,0.9,-10.2
20170126000000,-1.3,3.4,-7.9
20170127000000,-2.6,3.1,-5.7
20170128000000,-1.6,4.3,-8.2
20170129000000,0.8,2.5,-0.9
20170130000000,-4.8,-0.9,-7.9
20170131000000,-5.4,0.2,-9.9
20170201000000,-4.0,0.7,-7.5
20170202000000,-2.7,3.3,-9.2
20170203000000,1.5,6.7,-2.3
20170204000000,0.9,3.2,-2.9
20170205000000,1.2,2.3,-1.5
20170206000000,-1.7,2.6,-4.4
20170207000000,-2.0,3.0,-5.6
20170208000000,-2.2,0.6,-4.9
20170209000000,-5.3,-2.1,-7.1
20170210000000,-6.6,-2.5,-9.3
20170211000000,-4.8,0.8,-9.2
20170212000000,-2.2,4.2,-7.4
20170213000000,0.1,6.1,-5.4
20170214000000,0.3,6.5,-4.0
20170215000000,1.8,8.0,-3.9
20170216000000,5.5,10.3,-1.9
20170217000000,0.8,9.0,-5.2
20170218000000,-2.6,2.9,-7.0
20170219000000,2.3,5.7,-3.4
20170220000000,-1.5,5.4,-5.2
20170221000000,-0.6,6.9,-7.6
20170222000000,1.7,2.9,-0.9
20170223000000,-1.5,2.1,-4.2
20170224000000,-0.8,4.4,-5.8
20170225000000,2.6,8.4,-2.8
20170226000000,3.6,10.1,-1.5
20170227000000,3.7,10.7,-1.8
20170228000000,5.6,12.3,-1.3
20170301000000,5.0,11.4,2.0
20170302000000,1.8,6.6,-1.1
20170303000000,3.3,10.4,-3.1
20170304000000,5.7,12.7,0.1
20170305000000,5.2,10.4,1.2
20170306000000,0.1,4.0,-2.8
20170307000000,-1.3,2.9,-4.0
20170308000000,-0.1,5.0,-5.3
20170309000000,3.2,10.7,-2.7
20170310000000,4.8,12.2,-1.2
20170311000000,7.3,16.7,-0.2
20170312000000,8.2,14.0,4.4
20170313000000,6.9,12.2,1.5
20170314000000,5.8,10.9,1.0
20170315000000,6.3,13.3,0.4
20170316000000,6.2,13.4,1.0
20170317000000,7.7,15.7,1.2
20170318000000,9.5,16.1,5.9
20170319000000,10.9,18.9,3.2
20170320000000,10.2,15.5,6.0
20170321000000,7.4,12.6,4.3
20170322000000,7.6,14.1,1.9
20170323000000,9.1,15.0,5.1
20170324000000,8.7,15.2,3.9
20170325000000,8.1,12.6,5.0
20170326000000,7.3,11.6,4.8
20170327000000,6.1,10.9,4.4
20170328000000,7.1,12.7,2.5
20170329000000,8.8,14.4,4.7
20170330000000,10.6,17.1,4.1
20170331000000,8.6,12.4,4.9
20170401000000,9.0,15.1,4.8
20170402000000,9.0,15.8,3.1
20170403000000,11.4,19.2,4.3
20170404000000,14.1,21.8,6.7
20170405000000,12.0,14.2,10.8
20170406000000,10.4,12.4,9.4
20170407000000,14.5,23.5,9.0
20170408000000,13.0,19.9,8.6
20170409000000,14.8,20.5,10.6
20170410000000,16.5,23.3,10.1
20170411000000,15.3,20.2,11.5
20170412000000,11.5,16.4,8.8
20170413000000,12.7,19.6,6.3
20170414000000,13.0,17.7,10.1
20170415000000,16.8,24.3,10.9
20170416000000,18.7,24.4,12.9
20170417000000,14.7,18.0,11.2
20170418000000,11.7,17.4,9.4
20170419000000,12.6,18.4,7.0
20170420000000,12.9,18.2,9.9
20170421000000,13.1,19.3,7.6
20170422000000,14.8,22.5,8.5
20170423000000,14.9,21.7,8.9
20170424000000,15.1,21.3,8.3
20170425000000,16.0,20.4,12.9
20170426000000,15.1,20.2,10.5
20170427000000,13.6,19.8,7.9
20170428000000,14.4,21.5,8.9
20170429000000,17.1,23.7,9.6
20170430000000,19.3,27.8,13.7
20170501000000,20.1,28.3,12.8
20170502000000,20.7,28.0,15.2
20170503000000,21.5,30.2,14.5
20170504000000,21.0,27.5,14.8
20170505000000,20.9,27.0,15.5
20170506000000,14.9,19.3,10.0
20170507000000,16.6,22.8,10.9
20170508000000,17.9,23.5,11.1
20170509000000,17.1,22.6,15.3
20170510000000,16.4,20.8,14.2
20170511000000,19.3,24.8,13.1
20170512000000,19.1,21.1,16.8
20170513000000,16.4,22.6,12.4
20170514000000,15.7,20.7,11.0
20170515000000,16.0,20.1,12.3
20170516000000,17.1,22.3,13.3
20170517000000,18.6,25.9,12.3
20170518000000,20.4,26.9,13.9
20170519000000,21.1,27.9,15.1
20170520000000,20.9,27.3,15.4
20170521000000,21.5,27.6,16.0
20170522000000,21.8,28.0,15.9
20170523000000,20.0,24.4,17.2
20170524000000,21.8,27.8,16.9
20170525000000,19.2,24.4,14.4
20170526000000,17.7,23.2,12.4
20170527000000,19.5,26.4,13.7
20170528000000,21.2,27.9,14.4
20170529000000,22.9,29.3,18.1
20170530000000,23.6,30.3,18.6
20170531000000,23.3,29.6,17.7
20170601000000,23.3,27.0,20.0
20170602000000,20.5,25.6,15.5
20170603000000,20.5,26.5,16.1
20170604000000,21.7,28.1,15.1
20170605000000,24.2,30.3,16.4
20170606000000,19.4,23.9,14.5
20170607000000,17.6,19.2,15.1
20170608000000,20.1,25.9,15.1
20170609000000,21.2,25.7,17.9
20170610000000,21.5,27.5,16.7
20170611000000,22.8,29.6,14.8
20170612000000,22.1,28.0,17.0
20170613000000,21.5,25.9,18.3
20170614000000,21.8,26.8,17.8
20170615000000,23.1,29.6,18.0
20170616000000,25.5,32.7,20.0
20170617000000,24.2,29.9,20.6
20170618000000,24.3,31.8,18.6
20170619000000,24.8,30.2,19.5
20170620000000,26.0,32.7,20.0
20170621000000,25.4,31.6,21.7
20170622000000,25.3,30.4,21.2
20170623000000,26.7,34.1,21.3
20170624000000,24.5,27.8,21.5
20170625000000,23.8,28.4,21.0
20170626000000,23.1,29.9,20.1
20170627000000,25.2,30.5,20.8
20170628000000,26.0,30.5,22.5
20170629000000,26.2,31.5,21.9
20170630000000,25.9,30.9,22.2
20170701000000,25.3,30.7,22.4
20170702000000,24.3,26.8,21.9
20170703000000,24.7,27.4,21.9
20170704000000,26.7,31.6,23.8
20170705000000,27.4,32.6,23.3
20170706000000,27.6,34.6,23.9
20170707000000,26.4,28.4,24.4
20170708000000,26.0,27.6,24.6
20170709000000,26.3,30.3,23.8
20170710000000,24.0,25.4,22.6
20170711000000,26.0,30.9,22.2
20170712000000,27.1,31.1,24.9
20170713000000,27.6,32.1,23.1
20170714000000,28.7,33.0,26.1
20170715000000,25.0,27.3,23.4
20170716000000,26.2,28.8,23.4
20170717000000,26.8,29.0,24.0
20170718000000,26.5,30.7,23.9
20170719000000,28.3,34.1,24.5
20170720000000,29.9,34.9,26.0
20170721000000,29.8,32.4,27.3
20170722000000,29.3,32.5,27.5
20170723000000,27.0,28.1,26.1
20170724000000,26.2,27.3,25.6
20170725000000,29.4,35.4,24.6
20170726000000,28.7,32.8,24.2
20170727000000,27.1,29.7,24.9
20170728000000,25.5,26.9,24.8
20170729000000,27.2,30.1,25.0
20170730000000,27.9,32.6,24.7
20170731000000,25.7,27.1,24.8
20170801000000,28.6,33.0,24.1
20170802000000,30.0,33.0,26.6
20170803000000,30.2,33.9,27.2
20170804000000,30.3,35.3,25.9
20170805000000,31.4,34.8,27.6
20170806000000,29.8,34.0,28.2
20170807000000,29.2,34.4,26.4
20170808000000,28.2,31.0,25.5
20170809000000,27.6,32.0,24.6
20170810000000,24.8,26.3,23.9
20170811000000,27.0,32.4,23.9
20170812000000,27.8,32.6,23.2
20170813000000,26.3,28.4,24.2
20170814000000,24.6,27.1,23.1
20170815000000,21.9,24.0,20.8
20170816000000,23.3,26.8,20.5
20170817000000,24.8,27.7,21.2
20170818000000,26.3,30.6,23.9
20170819000000,26.1,28.7,23.1
20170820000000,23.2,25.8,22.0
20170821000000,25.8,29.2,23.7
20170822000000,27.3,31.5,23.4
20170823000000,27.2,30.2,24.6
20170824000000,26.5,28.1,23.9
20170825000000,25.3,30.6,22.2
20170826000000,24.2,29.2,19.0
20170827000000,22.7,26.7,19.0
20170828000000,21.5,26.5,18.3
20170829000000,19.5,24.0,17.0
20170830000000,19.8,23.9,16.1
20170831000000,22.2,27.6,16.6
20170901000000,23.3,29.7,17.1
20170902000000,23.8,29.6,18.6
20170903000000,23.7,29.2,19.0
20170904000000,24.6,30.1,19.7
20170905000000,21.9,23.7,20.4
20170906000000,20.6,24.0,18.5
20170907000000,22.4,27.5,17.8
20170908000000,24.3,29.9,20.4
20170909000000,23.8,28.2,19.2
20170910000000,23.0,26.1,19.9
20170911000000,21.2,24.6,18.6
20170912000000,22.1,27.9,17.7
20170913000000,21.4,27.5,15.9
20170914000000,22.4,29.5,14.8
20170915000000,22.6,27.9,17.8
20170916000000,22.0,27.6,16.7
20170917000000,23.1,29.2,19.0
20170918000000,21.9,27.6,16.4
20170919000000,22.6,25.8,20.1
20170920000000,19.5,24.9,14.1
20170921000000,20.3,27.0,14.2
20170922000000,20.6,26.8,15.4
20170923000000,21.8,27.3,17.6
20170924000000,22.4,27.9,18.8
20170925000000,23.4,30.1,17.4
20170926000000,25.1,31.4,19.4
20170927000000,22.7,27.3,19.9
20170928000000,19.2,25.3,14.2
20170929000000,17.4,23.5,11.2
20170930000000,20.0,25.9,14.7
20171001000000,18.2,21.2,15.5
20171002000000,22.0,29.4,15.6
20171003000000,17.6,23.6,13.4
20171004000000,16.7,24.3,10.7
20171005000000,18.7,23.4,13.9
20171006000000,18.9,23.3,16.2
20171007000000,21.9,28.8,16.9
20171008000000,23.0,28.7,19.3
20171009000000,22.5,27.6,19.8
20171010000000,21.4,24.8,18.6
20171011000000,15.5,21.7,12.2
20171012000000,11.4,20.5,8.8
20171013000000,12.8,18.9,6.1
20171014000000,14.4,20.5,9.0
20171015000000,15.8,23.0,9.0
20171016000000,16.6,22.0,13.6
20171017000000,16.2,23.9,9.2
20171018000000,16.5,19.1,14.2
20171019000000,17.0,23.2,11.9
20171020000000,17.0,24.2,11.1
20171021000000,17.6,25.2,11.0
20171022000000,16.3,23.5,11.0
20171023000000,13.7,20.6,8.6
20171024000000,14.4,20.9,9.9
20171025000000,14.4,20.6,9.5
20171026000000,14.5,18.1,10.7
20171027000000,16.9,24.2,11.9
20171028000000,17.2,24.8,10.6
20171029000000,11.5,17.2,6.3
20171030000000,7.7,13.2,2.5
20171031000000,10.4,16.0,3.6
20171101000000,14.4,18.1,11.5
20171102000000,15.5,18.0,14.0
20171103000000,12.3,16.6,6.1
20171104000000,7.8,13.7,4.5
20171105000000,8.4,15.4,2.6
20171106000000,11.4,16.5,8.0
20171107000000,14.4,18.4,9.2
20171108000000,13.1,17.2,6.9
20171109000000,9.4,16.8,3.7
20171110000000,9.8,15.9,5.3
20171111000000,5.9,10.7,2.7
20171112000000,5.3,11.4,0.3
20171113000000,8.4,11.8,3.1
20171114000000,7.5,11.4,2.9
20171115000000,3.2,6.5,-1.1
20171116000000,1.0,6.4,-3.4
20171117000000,3.0,5.8,-1.6
20171118000000,-2.1,2.6,-4.8
20171119000000,-1.6,3.5,-6.6
20171120000000,-0.4,4.2,-3.9
20171121000000,1.3,8.1,-4.2
20171122000000,4.3,10.8,0.6
20171123000000,0.9,4.7,-2.5
20171124000000,-0.4,2.9,-2.5
20171125000000,3.0,7.3,-3.3
20171126000000,3.3,7.6,-0.3
20171127000000,2.5,9.5,-2.9
20171128000000,6.4,11.2,1.3
20171129000000,3.2,8.1,-1.8
20171130000000,-2.4,2.7,-5.2
20171201000000,-2.2,3.1,-7.6
20171202000000,1.9,8.1,-4.6
20171203000000,4.9,8.1,3.1
20171204000000,-1.2,4.5,-6.1
20171205000000,-4.2,-0.4,-8.2
20171206000000,0.2,6.0,-4.5
20171207000000,0.7,4.6,-3.5
20171208000000,-3.8,-0.5,-7.1
20171209000000,-0.5,5.4,-5.6
20171210000000,1.1,6.7,-2.5
20171211000000,-7.0,-2.5,-11.0
20171212000000,-9.4,-5.2,-12.3
20171213000000,-8.7,-4.4,-12.0
20171214000000,-6.6,-1.9,-11.2
20171215000000,-3.0,0.9,-7.5
20171216000000,-5.7,-2.6,-8.1
20171217000000,-6.7,-2.3,-10.8
20171218000000,-1.6,3.3,-5.9
20171219000000,-3.9,-1.0,-6.5
20171220000000,-3.9,-0.1,-8.5
20171221000000,-0.9,4.6,-5.6
20171222000000,3.4,6.6,-1.9
20171223000000,6.1,8.7,5.0
20171224000000,2.9,5.7,-0.6
20171225000000,-2.1,0.6,-4.9
20171226000000,-3.8,-1.1,-7.9
20171227000000,-6.9,-2.6,-10.3
20171228000000,-2.1,0.8,-6.8
20171229000000,2.1,6.0,-0.4
20171230000000,1.4,4.5,-1.2
20171231000000,-0.3,3.3,-3.2
20180101000000,-1.3,3.8,-5.1
20180102000000,-1.8,1.8,-4.3
20180103000000,-4.7,-0.4,-7.1
20180104000000,-4.7,-0.7,-8.7
20180105000000,-3.0,1.6,-5.6
20180106000000,-2.8,2.9,-6.8
20180107000000,-0.8,2.8,-5.7
20180108000000,1.3,4.0,-1.2
20180109000000,-4.2,-1.2,-6.1
20180110000000,-7.5,-4.8,-10.3
20180111000000,-11.1,-7.4,-13.6
20180112000000,-10.2,-5.4,-15.3
20180113000000,-4.4,-1.2,-6.6
20180114000000,0.6,5.4,-4.4
20180115000000,4.7,7.7,1.8
20180116000000,3.5,6.8,0.1
20180117000000,4.5,8.7,2.4
20180118000000,2.1,4.5,0.3
20180119000000,1.0,5.5,-2.5
20180120000000,2.2,6.9,-1.0
20180121000000,0.4,5.5,-3.7
20180122000000,0.2,4.0,-5.3
20180123000000,-11.7,-5.3,-14.6
20180124000000,-14.2,-10.7,-16.3
20180125000000,-14.0,-9.5,-16.4
20180126000000,-14.8,-10.7,-17.8
20180127000000,-9.9,-3.5,-15.9
20180128000000,-6.3,-1.2,-9.3
20180129000000,-8.5,-4.7,-11.6
20180130000000,-5.3,-0.8,-11.4
20180131000000,-2.6,0.0,-5.2
20180201000000,-4.0,1.2,-8.8
20180202000000,-2.4,3.8,-7.6
20180203000000,-7.3,-2.1,-10.4
20180204000000,-9.5,-5.2,-12.8
20180205000000,-9.4,-5.1,-11.8
20180206000000,-10.1,-5.8,-12.8
20180207000000,-8.0,-1.6,-13.4
20180208000000,-4.4,2.0,-9.7
20180209000000,0.4,6.1,-5.3
20180210000000,-0.5,3.2,-6.9
20180211000000,-6.1,-2.2,-9.5
20180212000000,-5.8,-1.8,-9.6
20180213000000,-0.8,4.3,-7.4
20180214000000,3.5,8.7,-0.7
20180215000000,-0.7,4.0,-3.7
20180216000000,-1.1,4.9,-5.5
20180217000000,-3.0,1.4,-7.1
20180218000000,-0.4,5.2,-4.9
20180219000000,1.8,6.8,-1.9
20180220000000,0.9,5.5,-2.4
20180221000000,-0.9,4.4,-4.5
20180222000000,1.3,5.4,-3.9
20180223000000,4.2,8.6,-0.3
20180224000000,2.4,7.2,-1.1
20180225000000,1.9,7.9,-1.6
20180226000000,3.1,10.4,-3.2
20180227000000,4.2,6.9,0.6
20180228000000,4.6,7.8,1.8
20180301000000,-0.2,3.0,-4.3
20180302000000,-0.7,5.4,-6.7
20180303000000,7.9,16.2,-0.1
20180304000000,9.8,11.9,7.6
20180305000000,5.5,11.4,1.3
20180306000000,4.5,10.9,-1.1
20180307000000,6.4,10.7,2.2
20180308000000,4.6,9.7,2.7
20180309000000,4.5,9.6,1.4
20180310000000,4.6,9.7,0.7
20180311000000,6.4,12.2,2.7
20180312000000,8.0,15.5,2.2
20180313000000,12.4,18.8,5.2
20180314000000,17.0,22.1,13.6
20180315000000,12.4,16.6,8.4
20180316000000,7.1,12.2,3.6
20180317000000,6.6,14.0,0.5
20180318000000,8.2,12.5,5.4
20180319000000,8.0,10.4,6.2
20180320000000,4.7,9.1,1.6
20180321000000,2.1,5.3,1.1
20180322000000,4.9,11.6,0.6
20180323000000,6.1,12.5,1.8
20180324000000,7.6,13.1,4.0
20180325000000,9.6,16.9,4.6
20180326000000,11.0,18.1,5.3
20180327000000,13.3,20.0,7.7
20180328000000,14.0,19.0,9.4
20180329000000,15.4,21.1,11.8
20180330000000,14.8,21.9,9.8
20180331000000,14.0,20.1,9.3
20180401000000,15.6,18.5,11.7
20180402000000,18.4,23.7,14.9
20180403000000,17.8,21.2,14.9
20180404000000,13.4,18.2,9.5
20180405000000,7.6,9.5,6.7
20180406000000,5.8,8.6,3.0
20180407000000,4.2,8.6,1.4
20180408000000,3.9,7.9,0.6
20180409000000,7.9,15.4,0.1
20180410000000,15.1,21.9,6.9
20180411000000,12.6,17.3,8.7
20180412000000,13.3,19.6,6.8
20180413000000,14.6,19.3,8.3
20180414000000,9.0,14.8,7.5
20180415000000,9.5,14.2,5.6
20180416000000,11.6,18.8,4.9
20180417000000,12.9,20.1,6.8
20180418000000,12.4,19.3,6.2
20180419000000,14.0,20.5,7.4
20180420000000,18.4,26.3,11.0
20180421000000,18.7,25.6,12.3
20180422000000,15.5,21.0,10.7
20180423000000,9.3,10.7,8.4
20180424000000,12.1,16.1,8.9
20180425000000,14.6,23.3,5.7
20180426000000,14.9,22.1,10.0
20180427000000,15.7,23.3,9.7
20180428000000,15.4,21.7,10.5
20180429000000,16.2,22.9,9.4
20180430000000,19.2,25.0,14.1
20180501000000,20.4,23.3,17.8
20180502000000,15.1,19.7,8.7
20180503000000,11.2,14.7,6.9
20180504000000,14.1,20.0,8.8
20180505000000,18.3,24.6,11.6
20180506000000,16.6,20.7,15.0
20180507000000,19.2,25.5,14.0
20180508000000,17.5,22.9,11.6
20180509000000,15.7,21.8,9.2
20180510000000,15.4,21.4,11.3
20180511000000,16.1,21.3,11.9
20180512000000,14.2,16.1,11.8
20180513000000,15.8,20.0,12.7
20180514000000,18.2,24.5,11.9
20180515000000,23.2,29.3,15.4
20180516000000,22.3,24.4,21.8
20180517000000,20.9,23.5,18.8
20180518000000,16.3,19.3,12.2
20180519000000,17.6,24.7,10.3
20180520000000,17.0,22.6,11.5
20180521000000,17.8,23.7,11.3
20180522000000,18.1,23.2,15.4
20180523000000,17.3,23.3,13.6
20180524000000,18.3,23.7,11.2
20180525000000,19.7,26.2,13.8
20180526000000,21.8,29.6,14.0
20180527000000,20.3,24.7,17.3
20180528000000,22.3,29.1,16.2
20180529000000,21.4,25.9,19.1
20180530000000,20.2,24.7,15.8
20180531000000,20.9,27.6,14.2
20180601000000,23.8,30.2,17.5
20180602000000,23.4,30.1,17.6
20180603000000,24.0,30.8,16.9
20180604000000,22.6,27.5,18.9
20180605000000,23.7,29.2,17.7
20180606000000,23.0,27.9,18.4
20180607000000,22.2,29.4,17.8
20180608000000,21.9,27.0,18.5
20180609000000,23.7,30.1,18.9
20180610000000,21.3,24.9,18.3
20180611000000,20.2,23.9,18.0
20180612000000,21.3,27.1,16.6
20180613000000,22.0,27.0,18.3
20180614000000,21.6,25.1,18.8
20180615000000,21.7,27.0,17.2
20180616000000,22.5,28.7,16.3
20180617000000,22.8,27.5,18.9
20180618000000,24.8,30.8,19.9
20180619000000,22.4,27.2,19.1
20180620000000,22.7,28.4,19.1
20180621000000,23.7,28.7,19.4
20180622000000,25.0,32.0,18.2
20180623000000,24.5,28.9,20.9
20180624000000,25.2,32.1,20.1
20180625000000,27.1,32.9,21.3
20180626000000,22.3,26.9,20.2
20180627000000,22.3,25.5,19.1
20180628000000,23.3,27.3,20.6
20180629000000,24.7,29.1,21.9
20180630000000,24.4,27.9,21.6
20180701000000,21.9,22.8,21.0
20180702000000,22.6,25.3,20.6
20180703000000,27.4,32.6,22.5
20180704000000,27.3,31.8,24.0
20180705000000,25.3,29.0,23.4
20180706000000,23.9,27.1,21.5
20180707000000,23.7,29.2,19.5
20180708000000,23.3,28.1,17.7
20180709000000,20.8,24.2,20.1
20180710000000,23.7,26.5,20.4
20180711000000,26.8,29.5,24.4
20180712000000,26.6,28.2,25.1
20180713000000,27.3,30.9,24.7
20180714000000,27.9,31.9,24.6
20180715000000,28.3,33.2,24.5
20180716000000,28.7,34.0,24.0
20180717000000,28.1,32.1,23.9
20180718000000,28.2,33.2,23.7
20180719000000,28.7,34.1,23.2
20180720000000,29.5,34.7,24.6
20180721000000,30.6,36.9,24.9
20180722000000,31.8,38.0,25.3
20180723000000,31.7,35.7,29.2
20180724000000,31.4,36.8,27.2
20180725000000,30.1,34.1,27.7
20180726000000,30.1,33.7,27.3
20180727000000,30.9,35.4,27.2
20180728000000,29.5,35.2,28.0
20180729000000,31.3,36.7,26.4
20180730000000,31.7,36.9,26.2
20180731000000,32.6,38.3,27.8
20180801000000,33.6,39.6,27.8
20180802000000,33.7,37.9,30.3
20180803000000,33.1,37.9,30.0
20180804000000,31.1,34.9,28.0
20180805000000,30.0,33.9,27.2
20180806000000,30.5,35.3,28.3
20180807000000,30.5,35.9,26.8
20180808000000,31.0,35.3,27.6
20180809000000,28.8,32.5,27.1
20180810000000,30.7,36.8,25.7
20180811000000,31.0,36.0,26.4
20180812000000,30.6,35.3,27.2
20180813000000,30.5,34.4,26.7
20180814000000,31.7,37.2,27.7
20180815000000,31.7,38.0,28.3
20180816000000,29.9,35.6,24.1
20180817000000,27.2,33.8,21.7
20180818000000,26.7,32.1,21.5
20180819000000,28.2,34.4,23.0
20180820000000,29.1,33.3,25.1
20180821000000,26.6,31.0,23.4
20180822000000,30.7,37.6,23.4
20180823000000,29.4,32.2,25.7
20180824000000,24.4,26.3,23.2
20180825000000,25.2,29.3,22.7
20180826000000,23.2,29.0,20.3
20180827000000,22.7,24.9,20.2
20180828000000,23.7,26.1,22.5
20180829000000,25.2,27.4,22.7
20180830000000,25.3,28.2,23.9
20180831000000,25.6,30.3,22.8
20180901000000,25.5,30.9,20.8
20180902000000,25.1,29.6,20.1
20180903000000,23.3,25.8,21.4
20180904000000,23.2,27.8,20.0
20180905000000,24.0,28.5,19.6
20180906000000,24.1,28.2,20.9
20180907000000,22.0,25.5,19.1
20180908000000,21.7,27.7,15.9
20180909000000,22.2,28.9,15.6
20180910000000,22.9,28.4,18.6
20180911000000,21.6,26.1,16.8
20180912000000,22.8,28.2,16.8
20180913000000,23.5,28.3,20.3
20180914000000,23.5,26.8,20.3
20180915000000,23.3,26.0,21.0
20180916000000,22.2,23.9,21.0
20180917000000,22.3,27.7,18.5
20180918000000,22.0,26.5,17.7
20180919000000,22.1,26.6,18.9
20180920000000,19.0,20.1,17.8
20180921000000,19.4,21.9,17.6
20180922000000,20.8,25.5,17.2
20180923000000,19.4,25.3,15.6
20180924000000,17.6,22.1,14.2
20180925000000,17.8,24.3,10.8
20180926000000,19.4,24.8,16.2
20180927000000,18.9,25.0,13.2
20180928000000,17.5,22.2,14.3
20180929000000,20.2,27.0,14.6
20180930000000,17.6,21.6,14.0
20181001000000,15.4,19.7,13.0
20181002000000,15.9,22.0,10.3
20181003000000,17.3,24.2,11.2
20181004000000,19.3,25.6,13.0
20181005000000,16.9,19.0,15.7
20181006000000,18.0,21.7,16.3
20181007000000,16.4,21.1,12.3
20181008000000,14.8,20.9,9.2
20181009000000,15.3,19.8,10.7
20181010000000,12.0,16.7,7.9
20181011000000,9.7,13.9,6.1
20181012000000,10.9,17.4,5.2
20181013000000,12.5,19.8,6.1
20181014000000,13.2,20.3,6.8
20181015000000,15.2,21.0,10.9
20181016000000,14.5,20.3,9.9
20181017000000,12.4,18.6,8.4
20181018000000,12.7,19.0,7.5
20181019000000,13.1,20.4,7.2
20181020000000,13.4,21.4,6.9
20181021000000,13.4,21.1,7.2
20181022000000,14.0,20.6,8.8
20181023000000,12.2,16.9,9.8
20181024000000,12.5,18.7,7.6
20181025000000,13.8,21.2,7.0
20181026000000,12.2,14.7,9.9
20181027000000,8.7,11.6,6.2
20181028000000,8.3,13.5,5.2
20181029000000,7.2,11.7,3.4
20181030000000,6.1,11.6,0.7
20181031000000,7.4,12.6,3.0
20181101000000,8.4,15.2,2.5
20181102000000,10.6,19.0,4.0
20181103000000,11.2,19.1,5.0
20181104000000,11.6,19.4,5.3
20181105000000,11.9,18.3,6.6
20181106000000,12.2,17.5,8.0
20181107000000,12.8,15.7,10.3
20181108000000,11.8,14.7,10.5
20181109000000,12.1,15.4,9.5
20181110000000,11.9,17.1,8.8
20181111000000,8.1,10.9,5.4
20181112000000,8.1,15.1,3.1
20181113000000,8.8,15.4,4.1
20181114000000,9.8,16.6,4.8
20181115000000,9.7,16.2,4.7
20181116000000,8.8,14.5,4.2
20181117000000,4.9,11.4,0.6
20181118000000,6.1,10.7,1.9
20181119000000,6.5,11.3,3.3
20181120000000,6.5,12.7,0.0
20181121000000,5.8,8.2,3.1
20181122000000,2.3,7.1,-1.3
20181123000000,1.9,7.6,-3.1
20181124000000,2.6,3.8,0.3
20181125000000,4.8,9.8,1.3
20181126000000,6.3,13.6,1.6
20181127000000,7.1,12.5,3.1
20181128000000,5.0,11.1,2.1
20181129000000,3.5,6.7,0.6
20181130000000,2.7,8.0,-1.5
20181201000000,5.5,12.4,0.8
20181202000000,8.2,11.8,2.8
20181203000000,11.5,13.5,9.3
20181204000000,6.7,11.8,-0.3
20181205000000,0.0,3.4,-4.3
20181206000000,2.4,6.8,-1.0
20181207000000,-7.3,-1.1,-9.6
20181208000000,-8.3,-4.4,-11.4
20181209000000,-7.2,-2.1,-11.8
20181210000000,-2.5,4.6,-8.1
20181211000000,0.2,2.9,-2.4
20181212000000,-1.9,2.4,-5.0
20181213000000,-2.2,2.1,-5.9
20181214000000,-4.4,0.6,-7.8
20181215000000,-2.4,3.2,-7.8
20181216000000,0.0,2.1,-2.6
20181217000000,1.6,5.9,-1.5
20181218000000,2.6,7.4,-2.8
20181219000000,4.0,9.5,1.3
20181220000000,3.4,10.4,-1.1
20181221000000,5.6,9.8,0.4
20181222000000,6.9,12.4,2.9
20181223000000,2.4,7.5,-3.4
20181224000000,-2.3,3.1,-5.9
20181225000000,0.6,5.2,-4.0
20181226000000,-1.5,3.0,-7.1
20181227000000,-10.1,-6.5,-12.5
20181228000000,-10.5,-6.6,-14.4
20181229000000,-7.6,-3.0,-10.5
20181230000000,-6.8,-0.9,-11.3
20181231000000,-5.4,-0.5,-10.5
20190101000000,-5.0,-0.6,-8.2
20190102000000,-4.9,0.2,-8.8
20190103000000,-3.5,3.2,-8.4
20190104000000,-1.1,4.1,-6.2
20190105000000,-2.8,1.1,-5.5
20190106000000,-2.8,2.7,-6.3
20190107000000,-1.9,3.1,-6.2
20190108000000,-3.5,0.5,-7.2
20190109000000,-4.7,1.3,-9.4
20190110000000,-0.6,3.0,-4.5
20190111000000,2.4,7.2,-0.4
20190112000000,2.8,8.0,-0.6
20190113000000,1.2,7.6,-3.0
20190114000000,1.4,5.3,-2.4
20190115000000,-1.7,2.6,-7.2
20190116000000,-5.2,-1.1,-10.1
20190117000000,-0.3,4.0,-3.2
20190118000000,0.6,6.7,-4.6
20190119000000,3.6,8.5,0.0
20190120000000,-1.4,4.0,-5.5
20190121000000,-1.2,4.2,-6.7
20190122000000,1.7,7.1,-3.3
20190123000000,2.0,7.0,-0.8
20190124000000,0.1,6.5,-4.6
20190125000000,-1.2,2.6,-3.8
20190126000000,-2.5,2.4,-6.5
20190127000000,-0.1,5.1,-6.6
20190128000000,1.2,4.5,-2.4
20190129000000,-0.2,7.0,-5.6
20190130000000,1.8,6.6,-2.8
20190131000000,-2.0,2.3,-6.2
20190201000000,-2.1,2.8,-7.4
20190202000000,1.4,6.1,-3.2
20190203000000,3.3,4.9,2.0
20190204000000,-0.6,3.0,-3.3
20190205000000,2.8,10.1,-3.6
20190206000000,5.1,9.3,0.1
20190207000000,-2.1,6.3,-8.2
20190208000000,-6.1,-1.3,-10.2
20190209000000,-5.4,-1.9,-8.6
20190210000000,-5.0,-1.9,-9.1
20190211000000,-3.0,2.0,-7.5
20190212000000,-0.6,3.7,-4.1
20190213000000,-2.1,2.5,-5.7
20190214000000,-0.5,6.3,-5.9
20190215000000,-0.8,0.9,-2.9
20190216000000,-2.7,1.5,-5.1
20190217000000,-1.8,4.6,-6.8
20190218000000,0.9,5.9,-4.7
20190219000000,1.4,3.0,0.2
20190220000000,1.7,4.5,-0.1
20190221000000,2.4,9.0,-2.6
20190222000000,4.0,10.8,-1.6
20190223000000,6.8,14.5,0.5
20190224000000,6.3,13.7,1.2
20190225000000,4.7,10.2,1.3
20190226000000,5.2,12.0,-1.5
20190227000000,7.8,14.0,4.7
20190228000000,6.6,12.8,2.0
20190301000000,6.6,13.0,1.2
20190302000000,7.8,14.7,1.3
20190303000000,9.4,16.1,2.5
20190304000000,9.9,16.3,5.0
20190305000000,8.4,12.9,5.6
20190306000000,8.4,12.4,5.7
20190307000000,7.0,12.7,3.1
20190308000000,6.1,13.4,0.6
20190309000000,7.2,14.9,-0.4
20190310000000,10.1,15.3,6.7
20190311000000,6.6,10.0,3.5
20190312000000,3.9,7.9,-0.3
20190313000000,3.5,8.5,-0.4
20190314000000,5.0,10.0,-1.7
20190315000000,5.5,11.3,1.6
20190316000000,4.3,9.2,0.2
20190317000000,6.3,12.4,2.6
20190318000000,7.1,14.4,1.4
20190319000000,10.0,16.7,3.4
20190320000000,10.3,14.6,7.1
20190321000000,7.1,11.1,1.9
20190322000000,3.3,8.3,-0.7
20190323000000,3.3,8.2,-0.4
20190324000000,4.3,9.7,-0.8
20190325000000,7.3,11.5,2.9
20190326000000,11.4,17.6,7.4
20190327000000,11.6,16.2,8.9
20190328000000,9.4,14.6,5.6
20190329000000,9.2,15.1,5.5
20190330000000,5.2,8.4,3.5
20190331000000,4.4,8.4,2.6
20190401000000,5.5,11.3,0.3
20190402000000,6.7,13.0,1.3
20190403000000,7.6,13.6,1.9
20190404000000,9.2,15.7,3.0
20190405000000,11.4,17.2,7.0
20190406000000,9.3,12.2,5.9
20190407000000,12.6,20.3,5.6
20190408000000,11.6,17.2,7.6
20190409000000,9.2,13.9,4.7
20190410000000,7.1,10.2,4.7
20190411000000,9.5,15.7,4.3
20190412000000,11.4,18.4,5.5
20190413000000,11.8,17.9,6.2
20190414000000,9.6,13.6,6.9
20190415000000,11.6,18.1,3.9
20190416000000,14.9,22.6,6.8
20190417000000,15.3,21.8,9.1
20190418000000,12.6,16.2,10.4
20190419000000,13.8,19.7,9.6
20190420000000,14.3,19.1,9.7
20190421000000,14.8,20.2,12.2
20190422000000,19.3,28.2,10.7
20190423000000,20.4,25.5,15.3
20190424000000,19.5,25.9,15.8
20190425000000,13.2,17.2,9.4
20190426000000,8.4,9.9,6.2
20190427000000,11.6,18.2,4.1
20190428000000,12.9,16.6,9.9
20190429000000,13.0,17.3,8.3
20190430000000,15.5,22.5,9.0
20190501000000,16.4,22.2,11.2
20190502000000,17.1,25.3,10.6
20190503000000,17.9,26.1,10.1
20190504000000,19.5,27.4,12.0
20190505000000,19.2,26.5,13.6
20190506000000,14.5,19.8,9.8
20190507000000,15.0,21.9,8.4
20190508000000,15.6,21.3,10.1
20190509000000,16.6,22.9,11.7
20190510000000,17.8,26.8,10.3
20190511000000,20.3,28.3,13.2
20190512000000,21.6,28.9,14.7
20190513000000,18.7,22.8,15.5
20190514000000,19.6,26.9,12.9
20190515000000,20.7,28.0,14.8
20190516000000,23.5,30.0,16.7
20190517000000,23.6,28.3,17.6
20190518000000,22.8,25.9,19.1
20190519000000,19.4,21.6,17.9
20190520000000,16.4,20.2,13.0
20190521000000,17.2,23.8,11.7
20190522000000,19.5,26.5,12.3
20190523000000,22.1,29.2,15.0
20190524000000,24.2,33.4,16.2
20190525000000,23.4,28.6,18.4
20190526000000,24.5,31.1,18.6
20190527000000,17.8,22.3,14.3
20190528000000,18.1,24.6,11.9
20190529000000,20.3,26.5,13.3
20190530000000,19.6,24.5,14.6
20190531000000,19.1,23.3,16.1
20190601000000,18.9,23.7,14.8
20190602000000,21.1,27.8,14.1
20190603000000,23.1,29.5,16.0
20190604000000,22.6,29.0,17.6
20190605000000,23.0,29.6,17.8
20190606000000,21.2,25.1,18.6
20190607000000,20.0,24.7,17.0
20190608000000,21.9,27.6,16.0
20190609000000,21.6,26.5,17.1
20190610000000,18.4,21.9,15.7
20190611000000,20.5,26.1,15.5
20190612000000,21.5,26.4,16.1
20190613000000,23.0,28.8,16.6
20190614000000,23.0,28.4,19.1
20190615000000,21.9,27.4,17.9
20190616000000,22.0,27.2,16.1
20190617000000,21.7,26.2,18.1
20190618000000,20.8,24.8,17.0
20190619000000,21.4,25.4,18.9
20190620000000,22.7,27.8,19.8
20190621000000,22.1,26.1,19.4
20190622000000,24.2,30.6,17.7
20190623000000,25.0,31.0,19.1
20190624000000,25.2,30.9,20.9
20190625000000,25.6,32.8,19.5
20190626000000,25.5,29.5,20.7
20190627000000,25.5,31.2,21.9
20190628000000,24.7,29.0,22.3
20190629000000,23.1,27.7,19.6
20190630000000,23.9,28.5,20.9
20190701000000,23.9,28.9,20.6
20190702000000,24.4,30.1,20.8
20190703000000,24.1,27.4,21.2
20190704000000,25.4,32.8,20.0
20190705000000,27.6,35.0,20.2
20190706000000,29.7,36.1,24.6
20190707000000,26.7,32.5,22.7
20190708000000,25.1,31.0,21.2
20190709000000,25.0,30.0,19.7
20190710000000,22.7,27.3,19.3
20190711000000,21.9,25.9,19.5
20190712000000,23.6,28.7,20.0
20190713000000,24.9,29.7,22.1
20190714000000,25.9,31.6,21.2
20190715000000,23.8,27.4,22.1
20190716000000,24.7,28.8,21.4
20190717000000,25.6,29.2,22.3
20190718000000,26.9,32.1,23.3
20190719000000,28.6,35.0,22.8
20190720000000,28.0,31.9,25.1
20190721000000,25.1,27.0,24.2
20190722000000,26.7,31.0,24.2
20190723000000,28.1,32.9,24.4
20190724000000,26.5,27.2,25.2
20190725000000,26.3,27.4,25.6
20190726000000,25.1,25.9,23.7
20190727000000,28.4,33.4,24.9
20190728000000,26.1,28.2,25.0
20190729000000,27.5,30.0,25.6
20190730000000,28.1,30.8,26.3
20190731000000,25.8,27.5,24.0
20190801000000,26.3,30.1,23.5
20190802000000,28.4,33.1,24.7
20190803000000,29.4,36.0,25.6
20190804000000,28.3,34.4,25.0
20190805000000,30.5,35.9,25.6
20190806000000,31.6,36.8,27.9
20190807000000,26.9,30.3,23.9
20190808000000,28.9,32.7,25.9
20190809000000,29.8,34.6,26.0
20190810000000,31.5,36.5,26.6
20190811000000,30.4,35.7,26.3
20190812000000,26.6,28.5,24.8
20190813000000,29.2,35.3,25.1
20190814000000,30.4,35.7,25.9
20190815000000,25.9,28.6,23.9
20190816000000,25.9,29.5,23.0
20190817000000,25.9,28.8,23.4
20190818000000,25.6,30.7,22.6
20190819000000,26.3,31.3,21.2
20190820000000,28.2,32.8,23.2
20190821000000,27.0,30.4,24.4
20190822000000,26.9,31.4,23.0
20190823000000,26.2,30.5,22.7
20190824000000,24.1,27.3,21.5
20190825000000,25.0,29.9,20.2
20190826000000,26.4,32.1,21.5
20190827000000,25.7,29.3,22.2
20190828000000,26.1,30.2,23.6
20190829000000,23.4,26.4,20.1
20190830000000,22.6,27.0,19.5
20190831000000,23.5,28.9,18.5
20190901000000,23.7,27.8,19.2
20190902000000,24.4,29.7,19.4
20190903000000,24.1,28.0,22.0
20190904000000,22.8,25.5,21.2
20190905000000,23.0,27.6,21.5
20190906000000,25.3,29.1,21.6
20190907000000,25.7,29.5,22.6
20190908000000,24.7,27.3,22.9
20190909000000,25.1,28.0,22.4
20190910000000,23.8,26.5,22.1
20190911000000,24.3,28.7,20.4
20190912000000,21.0,22.9,18.7
20190913000000,23.3,29.3,18.3
20190914000000,22.4,24.1,20.8
20190915000000,24.2,30.0,19.5
20190916000000,24.5,30.5,20.7
20190917000000,23.5,29.0,18.0
20190918000000,21.0,25.4,16.0
20190919000000,19.5,26.0,13.6
20190920000000,19.6,24.2,15.8
20190921000000,19.6,22.1,18.3
20190922000000,18.6,19.6,17.3
20190923000000,20.0,24.6,16.9
20190924000000,19.8,26.5,13.9
20190925000000,20.9,27.4,14.8
20190926000000,22.9,29.0,17.7
20190927000000,22.9,27.0,19.6
20190928000000,23.7,29.2,19.4
20190929000000,22.6,28.6,17.9
20190930000000,22.4,29.9,16.4
20191001000000,23.1,28.2,17.6
20191002000000,21.6,24.2,20.0
20191003000000,22.4,27.3,19.8
20191004000000,22.4,27.8,18.0
20191005000000,18.7,21.9,14.7
20191006000000,18.1,22.7,13.2
20191007000000,14.8,17.9,13.3
20191008000000,14.7,19.8,10.6
20191009000000,13.6,20.4,7.7
20191010000000,15.2,19.8,10.7
20191011000000,18.8,26.1,13.0
20191012000000,17.9,23.3,13.3
20191013000000,17.2,23.8,12.1
20191014000000,14.4,19.6,9.5
20191015000000,14.5,20.4,8.8
20191016000000,14.6,20.8,9.0
20191017000000,15.4,21.6,11.2
20191018000000,17.0,22.7,12.0
20191019000000,17.0,23.1,12.1
20191020000000,16.5,22.9,12.0
20191021000000,17.1,24.6,10.9
20191022000000,18.1,24.4,13.3
20191023000000,17.0,20.7,14.3
20191024000000,18.3,23.8,15.3
20191025000000,16.7,22.0,13.1
20191026000000,10.0,14.9,6.6
20191027000000,11.0,17.4,4.7
20191028000000,12.9,17.7,7.4
20191029000000,12.5,17.6,8.2
20191030000000,11.2,17.7,5.0
20191031000000,14.8,19.7,8.4
20191101000000,14.9,20.5,11.4
20191102000000,13.6,18.7,8.3
20191103000000,14.7,22.1,9.4
20191104000000,13.8,20.3,9.2
20191105000000,12.4,18.4,8.4
20191106000000,11.0,16.5,6.3
20191107000000,9.2,13.6,5.0
20191108000000,6.8,13.0,1.1
20191109000000,9.5,17.2,3.5
20191110000000,10.0,15.3,6.2
20191111000000,11.2,15.1,7.9
20191112000000,9.3,14.5,4.8
20191113000000,7.2,11.3,3.0
20191114000000,1.3,5.0,-2.5
20191115000000,5.6,7.6,1.4
20191116000000,6.8,12.7,3.8
20191117000000,8.3,10.5,5.6
20191118000000,4.6,12.7,0.4
20191119000000,0.2,4.0,-3.5
20191120000000,0.5,6.3,-4.6
20191121000000,4.2,9.0,-2.3
20191122000000,9.7,17.3,3.0
20191123000000,12.1,17.7,7.7
20191124000000,9.8,15.6,4.6
20191125000000,1.9,6.0,-1.2
20191126000000,6.6,13.7,1.2
20191127000000,3.1,6.8,0.3
20191128000000,3.5,10.4,-0.6
20191129000000,1.5,6.9,-3.4
20191130000000,4.1,9.3,-1.4
20191201000000,4.6,6.2,2.3
20191202000000,-0.1,2.8,-3.2
20191203000000,0.5,4.2,-5.0
20191204000000,2.0,7.2,-2.0
20191205000000,-4.4,-0.2,-8.5
20191206000000,-5.9,-1.0,-10.6
20191207000000,-2.4,1.2,-5.5
20191208000000,-0.9,4.9,-5.5
20191209000000,3.2,8.0,-1.3
20191210000000,8.1,10.8,6.0
20191211000000,6.3,9.8,0.1
20191212000000,-0.7,3.4,-3.5
20191213000000,2.1,5.9,-3.7
20191214000000,2.7,6.4,-0.1
20191215000000,5.3,11.0,0.4
20191216000000,7.8,12.9,2.1
20191217000000,7.7,10.2,3.2
20191218000000,0.8,5.2,-1.7
20191219000000,-0.8,3.1,-4.5
20191220000000,-1.1,2.0,-3.5
20191221000000,-1.2,1.5,-5.1
20191222000000,4.1,8.4,0.3
20191223000000,3.4,5.2,0.3
20191224000000,0.8,6.5,-2.9
20191225000000,2.0,6.6,-2.7
20191226000000,2.0,4.1,-2.4
20191227000000,-1.7,2.6,-4.6
20191228000000,1.1,6.1,-3.6
20191229000000,3.8,6.2,1.1
20191230000000,2.7,6.8,-5.7
20191231000000,-7.9,-4.5,-10.9
